序,代码,名称,最新,涨幅%,DDX,DDY,DDZ,5日DDX,5日DDY,10日DDX,10日DDY,连续,5日内,10日内,特大买入%,特大卖出%,特大单净比%,大单买入%,大单卖出%,大单净比%
24,893, 亚钾国际,23.53,0.09,0.253,0.649,55.64,0.247,1.221,-0.163,0.486,2,3.0,4,11.76,6.78,4.98,36.91,25.4,11.51
33,931, 中 关 村,4.91,0.61,0.571,2.155,48.41,0.661,1.887,0.691,2.524,3,3.0,6,3.12,3.52,-0.4,29.7,11.55,18.16
36,601969, 海南矿业,6.78,1.35,0.103,0.497,46.78,-0.081,0.219,-0.224,0.108,1,1.0,2,15.7,2.73,12.97,19.99,20.42,-0.43
37,603810, 丰山集团,11.33,1.07,0.543,1.691,46.42,-0.031,1.908,-0.078,1.7,1,2.0,4,6.05,0.97,5.08,25.41,9.37,16.04
44,601798, 蓝科高新,6.59,2.81,0.667,2.074,45.82,0.235,3.126,0.069,3.398,1,2.0,3,13.46,5.31,8.15,22.3,12.07,10.23
45,2544, 普天科技,22.9,2.6,0.449,1.216,45.16,0.698,1.803,0.466,1.298,2,3.0,4,10.29,4.6,5.7,30.62,18.98,11.64
47,601225, 陕西煤业,19.57,0.1,0.082,0.159,42.57,0.066,0.131,0.181,0.062,3,3.0,6,11.45,5.76,5.7,32.03,18.16,13.87
50,1338, 永顺泰,11.11,-1.86,0.577,2.952,41.88,0.977,7.833,0.32,5.431,2,2.0,3,7.27,4.28,2.99,23.66,14.01,9.65
51,600004, 白云机场,9.1,-0.76,0.052,0.264,41.56,-0.067,0.584,-0.341,0.92,1,2.0,2,10.98,10.15,0.83,27.08,17.92,9.15
52,300721, 怡达股份,13.12,1.39,0.781,2.059,41.53,-0.059,0.09,-0.496,0.195,1,1.0,2,5.17,0.0,5.17,27.95,12.47,15.48
53,2004, 华邦健康,3.85,-0.77,0.099,0.408,41.42,0.098,1.139,0.082,0.599,1,3.0,5,13.15,2.69,10.46,20.33,16.75,3.58
60,2589, 瑞康医药,3.02,-0.33,0.332,0.587,38.77,-0.002,0.283,-0.092,0.29,1,3.0,5,10.87,1.87,8.99,29.3,17.75,11.55
61,600595, 中孚实业,3.67,0.55,0.394,0.57,38.28,-0.363,0.501,-0.425,-1.625,1,2.0,4,8.6,4.25,4.35,38.79,23.38,15.41
62,300238, 冠昊生物,13.31,1.22,0.53,2.78,37.97,0.459,2.089,0.182,-0.103,2,3.0,5,9.99,0.92,9.07,23.33,21.79,1.54
64,300327, 中颖电子,26.48,1.26,0.816,3.114,37.59,1.998,3.902,1.18,4.236,4,4.0,4,10.6,7.56,3.05,26.91,17.92,9.0
65,603669, 灵康药业,4.96,0.61,0.271,1.081,37.36,-0.368,0.044,-1.61,-0.987,1,1.0,2,9.37,0.54,8.83,21.99,16.63,5.35
68,2155, 湖南黄金,17.48,0.46,0.46,0.844,37.09,-0.589,-1.861,-1.839,-3.443,1,1.0,3,18.59,9.69,8.89,30.64,24.44,6.2
69,600583, 海油工程,5.04,-0.2,0.071,0.174,36.93,0.113,1.439,0.067,2.831,1,2.0,5,16.43,2.15,14.27,26.01,25.74,0.27
70,883, 湖北能源,4.69,-0.85,0.047,0.12,36.68,0.099,0.321,0.158,0.402,1,4.0,7,7.47,4.92,2.55,30.16,16.74,13.42
72,600582, 天地科技,5.88,-0.84,0.104,0.219,36.18,-0.132,0.115,0.043,0.987,2,2.0,6,34.49,19.03,15.46,16.22,19.02,-2.8
73,688389, 普门科技,16.05,2.88,0.426,1.806,35.91,-0.094,1.697,-0.155,1.278,2,2.0,5,10.72,8.35,2.37,34.43,28.53,5.89
75,2233, 塔牌集团,7.41,-0.4,0.1,0.113,35.62,0.134,0.585,0.067,0.738,1,4.0,6,0.0,0.0,0.0,36.04,10.42,25.62
77,600103, 青山纸业,2.26,0.44,0.373,0.469,35.18,0.398,1.838,-0.285,0.238,1,3.0,4,30.36,10.2,20.16,23.19,26.8,-3.6
78,300157, 新锦动力,3.3,2.48,0.828,2.969,35.17,0.937,6.421,-1.093,1.316,1,3.0,3,1.76,0.0,1.76,37.3,27.72,9.58
79,601718, 际华集团,2.62,0.0,0.132,0.15,35.12,-0.008,0.502,-0.286,-0.238,1,2.0,4,22.76,4.71,18.05,23.88,21.71,2.17
80,600774, 汉商集团,7.54,1.21,0.279,2.399,34.86,0.281,2.867,0.326,2.389,1,3.0,6,4.21,4.9,-0.69,20.54,11.5,9.04
81,755, 山西高速,4.78,-0.42,0.069,0.15,34.77,-0.217,0.074,-0.235,0.845,1,2.0,4,12.95,0.0,12.95,23.85,19.39,4.45
82,300391, 长药控股,5.26,1.35,0.801,4.449,34.76,1.95,13.223,0.35,7.062,4,4.0,5,5.25,1.54,3.72,27.65,21.95,5.71
83,300219, 鸿利智汇,7.51,1.49,0.241,1.237,34.64,-0.226,0.656,-1.108,-0.671,1,1.0,1,7.26,1.71,5.55,26.81,22.65,4.17
84,300043, 星辉娱乐,4.32,1.17,0.749,2.777,34.21,0.349,-3.708,-1.266,-8.679,2,2.0,4,8.9,1.36,7.55,29.72,26.23,3.5
85,2046, 国机精工,15.81,2.0,0.778,1.996,34.2,3.101,2.885,2.057,1.582,2,4.0,5,13.52,7.48,6.04,28.96,21.8,7.16
87,600512, 腾达建设,2.35,-0.84,0.155,0.248,33.66,0.28,-0.054,-0.191,-1.708,1,3.0,3,15.43,3.72,11.72,22.9,15.17,7.74
89,2559, 亚威股份,10.4,0.39,0.705,4.397,33.58,0.173,1.811,-1.509,-4.094,2,3.0,5,6.82,3.61,3.22,28.81,24.56,4.26
90,700, 模塑科技,7.28,0.28,0.187,2.072,33.51,0.855,2.838,0.336,5.884,2,3.0,5,10.99,7.78,3.21,26.35,25.44,0.91
91,300940, 南极光,15.98,2.24,0.441,2.093,32.73,-0.082,-1.281,-1.101,-1.481,1,2.0,2,6.07,0.0,6.07,29.36,25.9,3.46
92,2329, 皇氏集团,3.41,1.49,0.594,1.234,32.3,0.342,2.02,0.503,1.675,1,1.0,3,5.77,4.72,1.05,30.21,14.26,15.96
94,600969, 郴电国际,6.46,-0.15,0.135,0.997,31.94,0.791,2.938,1.859,5.991,2,4.0,8,7.54,14.87,-7.33,24.59,10.28,14.32
96,2416, 爱施德,13.94,2.35,0.328,1.763,31.62,0.115,0.599,-2.174,-6.14,2,2.0,2,7.81,6.7,1.11,32.54,26.72,5.82
97,600064, 南京高科,7.02,-1.27,0.037,0.405,31.57,0.032,0.937,-0.078,1.833,2,3.0,5,6.9,6.11,0.78,18.98,13.78,5.2
98,601065, 江盐集团,8.61,-0.69,0.059,0.512,31.51,-0.148,-0.001,-0.534,-0.294,2,2.0,4,4.31,0.0,4.31,19.74,16.06,3.67
99,603162, 海通发展,8.87,0.45,0.327,1.348,31.36,0.414,3.173,0.636,6.624,4,4.0,6,13.29,1.54,11.76,15.24,14.21,1.04
100,300265, 通光线缆,8.57,0.71,0.232,1.591,31.36,-0.157,0.88,-0.608,-0.324,2,3.0,5,4.24,4.71,-0.47,24.81,16.2,8.61
101,600216, 浙江医药,15.46,0.32,0.233,0.554,31.33,0.477,0.587,0.992,2.57,3,4.0,9,14.17,6.43,7.73,26.47,20.9,5.57
104,603565, 中谷物流,9,0.67,0.05,0.079,31.04,0.073,0.3,0.08,0.731,2,3.0,6,19.02,2.0,17.02,14.59,11.71,2.88
105,2859, 洁美科技,21.23,1.14,0.294,0.297,31.02,0.481,-0.998,0.188,0.127,1,3.0,6,14.64,5.41,9.23,30.74,20.5,10.24
108,600435, 北方导航,10.94,1.02,0.22,0.241,30.87,0.319,-1.48,-0.11,-1.886,2,2.0,3,18.56,2.16,16.4,19.95,15.26,4.69
109,600328, 中盐化工,7.39,0.0,0.069,0.352,30.77,-0.087,0.634,-0.073,2.219,1,2.0,3,10.93,6.12,4.81,26.76,23.9,2.87
110,600686, 金龙汽车,14.05,2.93,0.557,2.004,30.68,-1.703,-2.197,-2.634,-2.217,1,1.0,2,15.75,11.46,4.29,27.94,23.56,4.38
111,300652, 雷迪克,42.9,-1.4,0.763,1.05,30.59,2.748,3.849,3.443,2.529,5,5.0,8,8.08,9.61,-1.53,45.02,29.98,15.05
114,2641, 公元股份,4.43,0.45,0.092,0.372,30.23,-0.009,-0.457,-0.254,-0.601,1,3.0,4,4.59,4.79,-0.19,30.71,20.61,10.1
116,301332, 德尔玛,10.4,-0.1,0.15,0.599,29.82,0.011,0.552,0.152,0.832,1,2.0,4,7.0,7.07,-0.07,30.42,21.02,9.41
118,601997, 贵阳银行,5.74,-0.86,-0.016,0.24,29.66,0.041,0.735,0.036,1.162,0,2.0,4,13.51,12.8,0.71,27.31,30.71,-3.4
121,688573, 信宇人,22.03,1.71,2.368,3.122,29.48,6.375,12.27,5.684,13.635,2,3.0,5,14.98,2.8,12.17,31.33,27.92,3.41
122,2293, 罗莱生活,7.56,0.0,0.083,0.131,29.47,0.385,1.037,0.474,1.511,8,5.0,8,8.51,0.0,8.51,25.34,15.22,10.12
123,600325, 华发股份,5.46,-1.62,0.087,0.502,29.47,0.122,0.913,-0.157,0.724,2,2.0,3,14.12,4.66,9.45,20.93,23.17,-2.24
124,2512, 达华智能,5.37,2.29,1.035,3.773,29.43,1.277,3.666,0.243,2.341,3,4.0,6,7.05,4.05,3.0,27.05,19.01,8.04
126,300365, 恒华科技,6.82,1.94,1.014,2.801,29.38,1.723,11.227,1.011,8.046,3,4.0,5,5.74,2.61,3.13,30.87,21.4,9.47
128,600968, 海油发展,3.78,0.0,0.025,0.112,29.27,-0.001,0.668,-0.139,1.242,1,3.0,3,10.28,1.54,8.73,22.2,21.31,0.88
130,603291, 联合水务,14.9,0.74,0.441,1.494,29.06,0.963,1.91,-0.444,-0.23,2,3.0,3,9.59,4.23,5.36,26.24,20.68,5.56
134,2326, 永太科技,9.98,2.67,0.55,0.869,28.73,0.199,0.563,1.29,5.051,2,2.0,6,13.13,2.77,10.36,25.37,19.32,6.05
135,603519, 立霸股份,12.66,0.4,0.178,0.375,28.61,0.596,0.27,0.448,1.662,4,4.0,6,11.56,5.59,5.97,24.81,16.0,8.81
136,881, 中广核技,7.09,-0.28,0.095,0.279,28.6,0.099,0.771,-0.067,1.326,1,3.0,6,11.56,2.72,8.83,20.44,16.07,4.36
137,300342, 天银机电,18.84,0.05,0.495,4.022,28.59,1.17,9.638,-0.745,3.625,1,2.0,2,4.68,6.46,-1.78,29.56,22.37,7.19
138,600288, 大恒科技,9.92,1.54,0.649,2.303,28.03,0.149,-0.651,-2.009,-5.135,1,1.0,1,10.78,5.1,5.68,25.23,20.81,4.42
139,603256, 宏和科技,9.79,1.98,0.162,0.969,27.99,0.492,1.327,0.237,0.265,4,4.0,5,5.02,6.0,-0.97,23.79,14.35,9.43
140,603020, 爱普股份,8.37,0.6,0.28,0.109,27.99,0.317,-0.694,-1.014,-3.187,2,2.0,2,28.05,7.31,20.74,18.57,16.27,2.3
142,12, 南0玻Ａ,4.95,-0.6,0.077,0.117,27.71,-0.086,-0.078,-0.217,0.116,1,1.0,3,3.2,0.0,3.2,29.21,14.09,15.12
143,600509, 天富能源,6.44,-0.77,0.185,2.096,27.65,0.222,2.234,-0.269,1.345,2,2.0,3,11.65,5.7,5.95,21.94,24.05,-2.11
145,300891, 惠云钛业,8.74,1.98,0.216,1.767,27.43,-0.156,0.73,-0.243,0.752,1,2.0,4,4.29,1.24,3.05,20.58,16.36,4.22
146,600173, 卧龙地产,6.11,-0.49,0.237,1.259,27.38,0.604,-0.042,1.611,0.409,3,3.0,6,9.99,7.41,2.58,24.67,20.05,4.62
149,539, 粤电力Ａ,4.48,-0.67,0.063,0.154,27.13,-0.135,0.104,-0.184,-0.392,1,1.0,2,4.71,2.37,2.35,24.64,11.74,12.9
150,2839, 张家港行,4.16,-0.95,0.003,0.223,27.07,0.09,0.628,0.073,0.91,2,4.0,6,13.72,19.34,-5.62,33.35,27.3,6.05
151,601128, 常熟银行,6.9,-1.29,0.102,0.393,26.9,0.356,1.465,0.22,1.451,2,4.0,7,16.13,12.22,3.9,21.9,17.3,4.6
152,603053, 成都燃气,9.15,-0.22,0.015,0.053,26.75,-0.011,0.118,-0.055,0.645,1,2.0,4,15.34,2.31,13.03,16.96,19.28,-2.32
153,600252, 中恒集团,2.43,-0.82,0.123,0.198,26.66,0.009,0.246,0.116,1.756,2,3.0,5,13.33,4.52,8.82,21.82,14.56,7.26
154,2446, 盛路通信,6.55,2.66,0.405,2.132,26.65,0.21,0.516,-0.248,-0.332,1,2.0,3,2.84,0.63,2.21,28.24,22.15,6.09
156,600698, 湖南天雁,5.75,-0.17,0.113,1.173,26.6,-0.585,-1.441,-0.431,-1.756,2,3.0,5,7.07,5.23,1.83,23.76,21.0,2.76
157,688271, 联影医疗,141,1.04,0.147,0.125,26.54,0.309,0.067,0.292,0.057,4,4.0,6,19.28,11.04,8.24,31.99,24.24,7.74
159,1208, 华菱线缆,10.43,1.86,0.581,2.11,26.44,0.247,-1.216,-0.235,-7.308,1,3.0,5,8.43,0.0,8.43,20.22,16.87,3.35
160,338, 潍柴动力,15.72,2.14,0.162,0.467,26.41,-0.383,-0.335,-0.233,-0.216,1,2.0,4,21.54,14.22,7.32,27.25,27.07,0.18
161,300720, 海川智能,21.3,2.5,0.528,0.84,26.36,0.194,0.067,0.135,-0.455,2,2.0,5,14.46,2.25,12.21,30.04,29.25,0.79
167,603920, 世运电路,38.88,2.07,0.409,1.004,25.94,1.07,3.628,1.447,3.834,3,4.0,6,15.94,11.59,4.35,27.27,21.88,5.39
168,2040, 南 京 港,6.49,-1.37,0.075,0.151,25.93,0.047,-0.244,0.097,-0.738,1,3.0,7,0.0,0.0,0.0,31.18,15.87,15.31
169,2339, 积成电子,7.78,1.57,0.479,2.999,25.93,2.192,13.172,0.778,6.946,4,4.0,4,5.77,5.63,0.14,25.77,19.09,6.67
171,300500, 启迪设计,12.9,2.14,1.162,3.563,25.69,0.847,4.358,0.673,5.19,2,3.0,4,7.66,3.64,4.02,24.84,17.03,7.8
174,600773, 西藏城投,10.43,0.58,0.084,0.335,25.5,-0.105,-0.14,-0.504,-0.606,1,1.0,1,5.64,2.32,3.32,27.5,21.57,5.93
175,688576, 西山科技,68.17,0.41,0.342,0.488,25.4,1.08,1.619,0.789,2.233,4,4.0,7,0.87,3.14,-2.27,35.59,17.65,17.94
177,2476, 宝莫股份,4.43,0.68,0.179,0.618,25.36,0.424,3.177,-0.243,3.458,3,4.0,5,0.0,0.0,0.0,30.07,18.92,11.15
179,603212, 赛伍技术,11,0.73,0.212,0.716,25.27,-0.355,-2.831,-0.266,-1.845,1,2.0,5,9.1,2.92,6.18,22.13,17.39,4.74
180,603344, 星德胜,25.34,0.64,1.262,1.179,25.2,1.521,0.017,1.344,2.437,1,2.0,4,11.57,0.78,10.79,22.99,14.86,8.13
182,2948, 青岛银行,4.05,-0.74,0.07,0.237,25.19,0.431,1.683,0.599,0.16,6,5.0,7,3.9,9.97,-6.07,30.77,14.94,15.82
183,2689, 远大智能,4.25,2.91,0.418,2.586,25.1,0.927,3.316,0.34,-0.211,2,3.0,5,9.98,3.59,6.38,21.62,21.25,0.37
186,600000, 浦发银行,10.13,-0.78,0.013,0.02,24.67,0.028,0.082,-0.025,-0.01,2,4.0,6,5.95,6.81,-0.86,31.24,16.14,15.1
187,300335, 迪森股份,5.03,-0.79,0.175,1.11,24.63,0.351,1.97,-0.725,2.451,1,3.0,5,0.0,0.0,0.0,27.4,19.94,7.46
188,601816, 京沪高铁,5.48,-0.9,0.018,0.033,24.63,-0.025,0.043,-0.056,-0.042,1,1.0,2,24.0,12.41,11.59,26.27,28.28,-2.01
189,301446, 福事特,21.36,0.95,0.613,2.033,24.57,-0.048,1.535,-1.827,-0.421,1,1.0,2,3.77,0.0,3.77,19.63,9.7,9.93
190,300988, 津荣天宇,21.56,1.7,0.465,2.491,24.53,0.801,-1.938,0.374,-2.943,2,3.0,4,9.21,8.2,1.01,29.64,24.86,4.78
191,300086, 康芝药业,4.93,-0.2,0.257,0.752,24.51,0.669,4.318,0.387,6.369,3,3.0,6,3.51,0.0,3.51,23.76,14.12,9.64
193,301429, 森泰股份,17.69,0.28,1.096,0.778,24.45,2.717,2.938,4.564,6.542,3,3.0,7,19.25,9.31,9.93,27.62,20.79,6.83
196,600720, 中交设计,8.78,-0.9,0.042,0.381,24.24,0.318,0.208,0.232,1.593,2,3.0,5,12.83,4.27,8.56,17.46,21.14,-3.68
197,605365, 立达信,16.13,1.07,0.085,0.145,24.2,0.065,0.277,0.05,0.542,3,3.0,6,20.6,0.48,20.12,8.69,12.75,-4.07
199,603387, 基蛋生物,8.57,0.82,0.102,0.214,24.02,0.062,0.187,-0.174,-1.458,2,4.0,6,12.73,0.78,11.95,22.97,22.47,0.49
200,688799, 华纳药厂,39.73,-0.8,0.06,0.286,23.99,-0.2,0.226,-0.408,0.328,1,1.0,3,0.68,0.67,0.02,33.62,26.47,7.15
201,301283, 聚胶股份,26.54,0.72,0.29,0.005,23.86,-0.103,-0.314,-0.495,-0.424,2,2.0,3,0.0,0.0,0.0,36.31,12.54,23.77
202,600917, 重庆燃气,5.68,0.53,0.015,0.105,23.82,-0.064,-0.023,-0.153,-0.261,1,1.0,2,2.0,1.9,0.1,23.76,16.57,7.19
203,600528, 中铁工业,7.73,-1.15,0.037,0.186,23.79,0.042,0.756,-0.134,0.712,2,3.0,3,6.4,10.02,-3.62,22.47,10.69,11.77
205,688311, 盟升电子,36.82,0.19,0.203,0.322,23.78,0.026,-0.84,0.57,-0.018,3,3.0,7,18.0,10.32,7.68,25.7,21.62,4.09
206,688531, 日联科技,53.89,1.03,0.427,0.444,23.76,0.819,1.189,0.038,1.447,3,3.0,4,18.44,5.94,12.5,22.64,19.65,2.99
207,600031, 三一重工,17.96,0.67,0.076,0.199,23.72,0.292,0.416,0.358,0.932,5,5.0,8,15.19,10.64,4.55,25.05,20.27,4.77
208,600722, 金牛化工,5.7,-0.7,0.157,0.742,23.65,-0.027,1.206,0.277,0.649,3,3.0,5,12.05,12.91,-0.86,25.32,17.89,7.43
209,300272, 开能健康,6.26,-0.79,-0.139,3.138,23.65,-0.015,3.408,-0.665,3.853,0,1.0,2,3.21,2.0,1.21,19.79,23.93,-4.14
211,301126, 达嘉维康,11.04,1.01,0.437,1.17,23.63,0.355,-0.391,-0.205,-1.396,1,3.0,4,5.85,0.0,5.85,21.5,14.02,7.48
212,300566, 激智科技,23.1,2.21,1.13,3.066,23.57,1.127,7.023,-1.468,2.815,1,3.0,3,9.01,5.04,3.97,30.07,24.56,5.51
213,2703, 浙江世宝,13.39,2.68,0.629,1.701,23.56,0.002,-1.644,-0.842,-3.807,1,2.0,4,7.64,2.9,4.75,28.29,22.73,5.56
214,603569, 长久物流,7.32,-0.27,0.093,0.27,23.51,-0.39,-1.051,-0.398,-1.595,1,1.0,2,4.03,0.96,3.07,18.75,7.5,11.24
215,2893, 京能热力,10.93,0.46,0.803,0.859,23.39,-0.663,-1.83,4.663,3.488,1,2.0,6,4.2,1.16,3.04,32.95,20.0,12.95
216,603059, 倍加洁,23.15,0.65,0.098,0.168,23.29,0.022,-0.609,0.044,-0.353,1,2.0,5,5.13,1.38,3.75,25.2,13.7,11.5
218,600273, 嘉化能源,7.64,-0.39,0.071,0.127,23.27,0.221,0.475,0.29,1.544,2,4.0,7,16.14,0.72,15.41,16.68,18.31,-1.63
221,629, 钒钛股份,2.89,0.35,0.048,0.193,23.14,0.111,0.474,0.125,0.577,1,3.0,5,24.77,14.3,10.47,21.71,26.74,-5.02
223,300091, 金通灵,2.41,2.55,0.384,1.688,23.11,0.484,2.278,0.931,4.358,1,3.0,6,0.0,0.0,0.0,36.44,29.43,7.01
224,300958, 建工修复,11.85,0.42,0.551,2.211,23.03,0.868,3.218,0.312,1.504,2,4.0,6,1.37,0.0,1.37,22.07,12.13,9.94
226,600552, 凯盛科技,13.17,2.89,0.511,1.226,22.9,-0.662,-3.621,-1.317,-3.455,1,1.0,3,16.81,8.85,7.96,26.12,25.2,0.92
227,2766, 索菱股份,6.69,2.14,0.311,1.539,22.88,0.204,-0.567,-1.005,-6.435,1,2.0,2,4.82,1.81,3.01,22.72,17.28,5.44
228,685, 中山公用,8.96,1.36,0.219,0.114,22.82,0.397,0.379,0.202,0.613,3,4.0,5,5.29,3.8,1.49,32.4,15.11,17.29
229,885, 城发环境,12.37,-0.88,0.051,0.119,22.8,0.085,0.312,-0.079,0.444,2,3.0,4,2.45,2.81,-0.36,32.16,20.64,11.53
230,2732, 燕塘乳业,15.6,0.26,0.115,0.334,22.79,-0.021,0.337,-0.435,0.123,1,1.0,2,0.0,0.0,0.0,23.0,9.19,13.81
231,2928, 华夏航空,7.34,0.27,0.333,0.794,22.76,0.928,1.904,1.2,3.588,3,4.0,8,6.03,4.67,1.36,29.38,19.9,9.47
232,601022, 宁波远洋,7.78,-0.13,0.12,0.821,22.75,-0.319,2.553,-0.766,2.3,1,1.0,2,1.19,6.97,-5.78,35.81,25.34,10.46
233,603659, 璞泰来,16.98,2.35,0.161,0.34,22.7,0.234,0.757,0.421,1.927,3,3.0,6,13.71,7.1,6.61,25.66,21.69,3.97
234,2035, 华帝股份,7.15,-0.69,0.091,0.368,22.67,0.351,0.954,0.794,1.381,6,5.0,8,0.0,0.64,-0.64,29.47,19.8,9.67
235,603386, 骏亚科技,11.92,1.45,0.401,0.826,22.64,0.854,-1.114,0.813,-0.872,2,4.0,6,14.45,6.62,7.82,24.25,21.28,2.97
238,603806, 福斯特,14.59,1.67,0.108,0.213,22.56,0.083,-0.613,0.171,-0.043,2,3.0,5,9.59,5.71,3.88,32.15,25.69,6.47
241,300626, 华瑞股份,10.27,-1.25,0.098,1.927,22.52,1.039,6.954,0.975,8.182,2,4.0,6,1.79,0.0,1.79,24.07,23.15,0.92
243,2102, 能特科技,3.08,1.99,0.39,0.594,22.42,-0.789,-5.225,1.557,-2.36,1,2.0,6,16.19,9.11,7.07,24.98,20.05,4.93
244,603998, 方盛制药,9.08,-1.2,0.211,0.598,22.41,-0.18,0.995,-0.319,3.658,2,3.0,6,3.81,0.41,3.4,24.71,16.41,8.3
245,603105, 芯能科技,8.49,-0.24,0.115,0.503,22.38,-0.414,-1.2,-1.148,-2.144,1,1.0,1,12.2,3.43,8.77,15.58,15.3,0.28
247,301087, 可孚医疗,38.98,1.38,0.319,0.711,22.13,0.404,1.615,1.164,3.263,1,3.0,6,0.0,0.0,0.0,27.53,14.06,13.47
249,300890, 翔丰华,32.93,1.64,0.513,2.086,22.04,-0.222,-0.301,0.771,5.729,1,2.0,5,4.81,2.08,2.73,30.17,25.55,4.62
250,600834, 申通地铁,8.22,0.74,0.154,0.132,21.98,0.117,0.084,-0.103,-0.315,1,2.0,3,11.54,1.19,10.35,21.62,14.94,6.68
252,603107, 上海汽配,17.23,0.64,0.216,0.405,21.94,-0.489,-0.323,-2.013,-2.224,1,1.0,2,6.53,3.8,2.73,26.59,16.63,9.97
254,600386, 北巴传媒,4.93,-0.8,0.019,1.484,21.86,-0.646,0.174,1.176,5.144,2,2.0,5,5.26,5.51,-0.26,23.42,22.52,0.9
255,1300, 三柏硕,12.59,0.16,0.193,9.361,21.8,1.147,5.694,1.38,11.385,4,4.0,7,2.59,2.1,0.49,25.45,24.95,0.5
256,2478, 常宝股份,5.03,-0.98,0.094,0.283,21.78,0.246,1.441,-0.169,1.547,2,3.0,3,0.0,0.0,0.0,22.72,9.72,13.0
257,600248, 陕建股份,4.26,-1.62,-0.002,0.242,21.75,0.211,0.755,0.296,1.274,0,1.0,4,12.12,19.11,-6.99,24.98,18.2,6.78
258,2100, 天康生物,6.12,-0.81,0.027,0.392,21.61,-0.58,1.845,-1.083,3.473,1,2.0,3,9.07,13.51,-4.44,33.82,27.64,6.18
261,89, 深圳机场,6.71,-0.89,0.033,0.086,21.48,0.054,0.515,0.099,1.003,1,3.0,6,8.31,3.0,5.31,22.74,17.09,5.65
262,603733, 仙鹤股份,20.35,-0.39,0.052,0.067,21.47,0.067,0.048,0.292,0.348,2,4.0,8,10.72,8.5,2.22,24.67,12.94,11.73
264,688019, 安集科技,168.3,2.2,0.224,0.244,21.4,0.773,0.832,0.941,1.043,6,5.0,8,19.98,9.14,10.84,27.22,26.02,1.2
265,603948, 建业股份,18.61,0.05,0.081,0.064,21.32,0.176,-0.101,-0.177,-0.354,2,3.0,3,0.0,6.42,-6.42,38.76,16.76,22.0
268,2392, 北京利尔,4.86,2.97,0.418,0.413,21.26,0.488,0.213,-0.13,-0.014,1,3.0,3,3.15,1.2,1.94,35.72,23.27,12.46
269,300136, 信维通信,26.47,1.46,0.541,0.733,21.17,0.592,-0.232,-0.136,-0.512,1,4.0,6,13.75,8.86,4.88,30.68,24.31,6.37
270,300088, 长信科技,6.96,2.81,0.346,0.724,21.13,-0.196,0.424,-0.691,0.673,1,2.0,3,11.75,6.29,5.46,30.25,26.43,3.82
271,301508, 中机认检,36.09,-1.2,0.221,3.596,21.08,4.342,7.187,3.247,5.553,2,4.0,4,8.05,10.64,-2.59,25.81,20.98,4.82
272,600062, 华润双鹤,18.48,-1.12,0.049,0.235,21.06,0.197,1.293,-0.378,2.665,3,3.0,3,8.31,8.21,0.1,26.78,20.81,5.97
274,600895, 张江高科,27.84,2.35,0.33,0.854,21.0,0.348,0.978,-0.178,0.103,2,3.0,4,14.99,10.9,4.08,29.73,26.45,3.28
275,2234, 民和股份,8.13,-1.22,0.115,0.38,20.92,-0.053,2.019,-0.228,4.933,1,2.0,3,1.25,0.0,1.25,33.7,26.81,6.89
276,762, 西藏矿业,21.54,2.28,0.266,1.122,20.91,-0.287,0.693,-0.462,2.193,1,1.0,2,8.53,7.86,0.67,27.39,21.5,5.89
280,301266, 宇邦新材,36.73,1.83,0.724,4.38,20.8,0.035,-1.747,-1.456,-1.597,2,2.0,3,1.9,0.07,1.83,24.21,19.06,5.15
281,663, 永安林业,5.76,0.88,0.73,0.141,20.78,-0.86,1.8,1.685,8.134,1,1.0,6,18.94,0.0,18.94,19.8,19.32,0.47
282,600984, 建设机械,3.62,-0.28,0.064,2.106,20.78,0.748,3.216,0.302,1.272,3,4.0,5,11.21,6.56,4.65,16.16,19.53,-3.37
284,600988, 赤峰黄金,19.44,-1.12,0.158,0.319,20.67,-0.387,-0.523,-1.701,-2.828,2,3.0,3,25.63,13.73,11.89,19.66,23.13,-3.47
286,600163, 中闽能源,5.13,-1.16,0.057,0.115,20.5,-0.026,0.271,0.061,0.806,1,2.0,4,13.77,1.08,12.69,14.52,14.45,0.08
288,300244, 迪安诊断,18.9,1.5,0.388,3.551,20.33,-1.135,-4.588,-1.936,-7.371,1,3.0,6,13.63,10.51,3.12,26.49,26.59,-0.11
289,688262, 国芯科技,30.57,1.83,0.482,1.13,20.31,0.577,1.603,-0.605,0.623,1,3.0,4,12.41,7.48,4.93,31.43,28.57,2.86
290,300845, 捷安高科,13.99,-0.14,0.287,1.259,20.22,0.102,2.751,-1.228,-0.266,1,2.0,3,2.4,0.0,2.4,21.18,14.22,6.96
292,603217, 元利科技,17.36,2.42,0.083,0.685,20.04,-0.109,0.076,-0.148,0.312,1,1.0,3,10.57,9.46,1.11,11.59,6.48,5.12
293,733, 振华科技,43.78,0.39,0.073,0.281,20.02,-0.04,0.534,-0.535,-0.319,1,2.0,3,7.58,5.03,2.55,30.55,26.82,3.73
294,2842, 翔鹭钨业,7.44,2.48,0.864,2.443,20.01,3.216,8.878,3.375,11.617,8,5.0,8,2.27,0.33,1.94,26.76,18.42,8.34
295,603116, 红蜻蜓,5.52,1.66,0.209,0.239,19.92,-0.191,-0.681,-0.831,-0.644,1,2.0,3,19.17,4.16,15.01,17.43,19.15,-1.72
296,600266, 城建发展,5.06,-0.78,0.051,0.373,19.85,-0.165,0.313,0.11,0.576,2,3.0,7,15.55,6.1,9.44,17.06,22.02,-4.97
297,300227, 光韵达,9.11,1.79,0.438,3.013,19.79,0.189,2.397,-2.108,-0.094,2,2.0,2,5.71,3.12,2.6,22.06,19.09,2.97
298,300207, 欣旺达,24.75,0.61,0.244,0.326,19.78,0.237,0.683,0.204,1.514,1,2.0,5,12.65,9.66,3.0,33.01,25.83,7.18
301,688658, 悦康药业,16.09,0.81,0.091,0.449,19.76,0.274,1.472,0.113,1.826,2,3.0,6,5.33,5.65,-0.32,25.94,19.1,6.83
302,600820, 隧道股份,6.23,-0.64,0.031,0.16,19.75,0.089,1.256,0.127,1.657,2,2.0,5,8.63,7.44,1.19,26.98,22.79,4.18
304,603505, 金石资源,23.78,1.06,0.057,0.091,19.69,-0.117,0.231,0.17,0.666,1,2.0,6,4.49,3.68,0.81,32.12,21.64,10.48
305,2303, 美盈森,3.32,0.3,0.091,0.958,19.67,-0.337,1.171,-1.493,1.908,2,2.0,2,10.12,5.94,4.18,18.55,18.94,-0.39
306,603568, 伟明环保,19.46,0.93,0.034,0.093,19.65,-0.018,0.132,-0.096,0.329,1,1.0,2,4.46,3.14,1.32,25.59,17.04,8.55
309,600510, 黑牡丹,4.95,2.27,0.155,0.316,19.53,0.115,0.261,-0.271,-0.573,2,2.0,3,3.28,2.45,0.83,26.9,16.35,10.56
310,2108, 沧州明珠,3.39,-0.29,0.05,0.307,19.47,-0.211,-0.02,-0.65,-1.268,2,2.0,3,2.59,0.0,2.59,24.48,20.89,3.59
311,2632, 道明光学,9.57,0.63,0.103,2.309,19.41,-0.029,1.531,0.047,6.468,1,2.0,4,6.29,3.58,2.71,20.66,21.33,-0.67
312,2242, 九阳股份,10,-0.99,0.01,0.368,19.36,-0.162,-0.141,-0.386,-0.791,2,2.0,3,4.3,6.74,-2.43,18.93,14.96,3.97
314,603048, 浙江黎明,16.82,1.63,0.339,0.662,19.35,0.003,1.662,-0.041,1.273,2,3.0,5,4.75,0.41,4.35,22.7,14.47,8.23
316,601339, 百隆东方,5.23,-0.76,0.031,0.043,19.28,0.031,0.205,0.326,0.625,1,2.0,7,10.51,0.0,10.51,9.71,4.45,5.26
318,600757, 长江传媒,8.51,-0.35,0.0,0.375,19.2,0.354,1.46,0.276,1.445,0,3.0,5,6.12,2.76,3.36,29.94,33.27,-3.33
319,300992, 泰福泵业,25.36,0.32,0.394,1.203,19.19,-0.557,-0.19,-0.405,-0.154,1,1.0,4,6.38,10.89,-4.51,32.78,21.32,11.46
321,550, 江铃汽车,23,1.23,0.127,0.275,19.17,-0.219,0.435,0.286,2.249,1,2.0,6,7.57,6.47,1.09,29.15,20.88,8.27
322,603917, 合力科技,13.94,0.22,0.502,1.654,19.16,-0.317,-11.812,1.57,-9.15,1,2.0,4,7.06,6.07,0.99,26.2,19.26,6.94
324,301161, 唯万密封,22.62,2.17,1.194,3.876,19.14,2.634,18.464,1.075,18.341,3,4.0,5,10.3,1.97,8.33,19.87,19.58,0.29
325,300690, 双一科技,24.8,2.1,0.706,2.947,19.1,1.928,5.783,0.862,5.134,2,2.0,3,4.82,5.19,-0.37,28.97,22.0,6.97
328,2813, 路畅科技,24.61,2.63,0.138,1.688,19.05,0.007,0.876,-0.373,0.171,4,4.0,5,3.09,8.12,-5.03,22.8,14.24,8.55
329,688006, 杭可科技,19.95,0.3,0.096,0.16,19.04,0.126,1.195,0.439,1.304,1,3.0,6,13.54,3.07,10.46,23.05,22.77,0.29
330,688307, 中润光学,32.02,-0.68,0.582,1.27,19.03,5.664,6.189,4.771,6.243,6,5.0,6,8.31,14.18,-5.87,36.78,23.62,13.16
331,1391, 国货航,6.95,0.58,0.383,1.555,18.93,-1.191,-1.539,-5.069,-5.031,1,1.0,1,16.34,8.95,7.38,26.57,29.09,-2.52
332,600331, 宏达股份,7.01,-0.43,0.027,0.161,18.88,-0.668,-0.682,-1.444,-1.395,1,1.0,1,11.02,13.22,-2.2,34.35,28.96,5.39
335,2180, 纳思达,27.74,1.13,0.096,0.286,18.79,0.31,0.207,0.105,-0.183,5,5.0,6,14.23,8.53,5.7,25.83,24.78,1.05
338,1218, 丽臣实业,16.31,-0.97,0.07,0.387,18.74,0.035,-0.496,0.058,1.088,2,3.0,6,0.0,1.3,-1.3,18.81,8.46,10.35
339,2348, 高乐股份,3.87,0.0,0.425,1.594,18.72,3.297,4.977,1.602,1.076,2,4.0,5,10.86,4.93,5.92,20.28,18.67,1.61
340,605007, 五洲特纸,12.12,-0.25,0.026,0.043,18.71,-0.063,0.106,-0.124,0.214,1,1.0,4,3.84,0.0,3.84,18.87,8.7,10.17
342,300986, 志特新材,16.79,0.78,0.333,0.705,18.65,1.351,-1.776,1.329,-2.647,6,5.0,8,0.5,1.99,-1.49,26.91,13.85,13.06
344,300797, 钢研纳克,12.57,1.62,0.071,0.801,18.55,-0.063,0.265,-0.181,0.221,2,2.0,4,1.95,0.0,1.95,18.28,15.31,2.97
345,688279, 峰岹科技,276.05,-1.76,0.301,0.386,18.54,1.955,2.189,1.247,1.329,6,5.0,6,19.52,7.98,11.54,25.2,26.82,-1.62
346,300463, 迈克生物,13,-0.76,0.063,0.245,18.53,-0.098,0.727,-0.178,1.798,1,2.0,3,0.0,0.0,0.0,29.11,21.52,7.59
347,301591, 肯特股份,42.05,1.69,0.599,6.26,18.36,2.222,-5.504,1.032,-0.079,2,4.0,6,3.69,7.94,-4.26,27.95,20.44,7.51
348,688680, 海优新材,33.34,2.4,0.289,0.492,18.36,0.302,0.489,0.286,1.231,2,3.0,5,8.47,4.97,3.51,29.16,22.6,6.56
350,519, 中兵红箭,15.6,0.0,0.153,0.283,18.32,0.414,-0.119,0.111,-0.321,1,3.0,4,5.24,3.11,2.14,33.14,25.98,7.16
352,600749, 西藏旅游,11.32,0.35,0.228,0.547,18.26,-0.121,0.355,0.963,2.419,2,2.0,4,5.47,3.2,2.27,26.98,19.94,7.04
353,300971, 博亚精工,22.11,1.98,0.32,1.655,18.24,0.239,2.719,-0.162,1.713,1,2.0,5,2.97,1.51,1.46,23.9,18.68,5.23
354,600073, 光明肉业,6.32,-0.47,0.073,0.238,18.17,-0.179,1.136,-0.43,1.575,1,3.0,3,4.16,1.53,2.63,22.12,15.74,6.38
355,600735, 新华锦,5.02,1.41,0.375,0.517,18.16,1.992,7.27,2.446,7.432,2,4.0,7,9.38,1.25,8.13,28.96,26.34,2.63
357,78, 海王生物,2.39,-0.83,-0.006,0.222,18.13,-0.064,0.25,-0.148,-0.225,0,2.0,4,16.65,10.43,6.22,13.83,21.05,-7.22
358,2302, 西部建设,6.38,-0.93,0.085,0.27,18.08,0.08,-0.437,-0.303,-1.117,3,3.0,4,8.7,7.71,1.0,28.65,22.96,5.69
360,688270, 臻镭科技,38.34,1.91,0.351,0.459,18.07,0.411,0.887,-0.333,0.484,2,3.0,4,9.86,4.53,5.33,29.68,24.31,5.38
361,2337, 赛象科技,5.59,0.9,0.346,0.237,18.06,0.196,1.243,-0.756,-1.288,1,3.0,4,7.23,1.39,5.85,24.69,15.77,8.93
363,2254, 泰和新材,10.26,1.99,0.402,0.192,18.0,-0.209,0.151,0.15,3.144,1,1.0,3,7.82,5.22,2.6,37.15,25.87,11.28
364,688639, 华恒生物,31.88,1.43,0.136,0.349,18.0,0.811,1.515,1.718,2.919,5,5.0,8,13.24,8.39,4.85,28.32,26.31,2.02
365,300359, 全通教育,6.78,1.04,0.074,2.01,17.98,-0.222,-1.463,1.828,-1.474,1,3.0,5,2.57,4.35,-1.77,27.81,24.71,3.1
366,688479, 友车科技,19.7,1.13,0.306,0.39,17.94,-0.081,0.391,-0.383,0.778,1,2.0,4,7.2,1.46,5.74,19.75,11.94,7.82
369,600010, 包钢股份,1.85,0.0,0.096,0.05,17.9,0.499,0.829,0.232,0.323,5,5.0,6,41.79,37.41,4.38,23.95,18.71,5.24
370,600429, 三元股份,4.19,-0.71,0.042,0.107,17.88,-0.048,-0.095,0.055,-0.021,1,2.0,5,6.62,0.47,6.14,17.08,12.11,4.97
371,600873, 梅花生物,9.17,-0.54,0.03,0.168,17.86,-0.318,0.186,-0.336,1.472,1,1.0,4,4.61,4.44,0.18,22.82,17.01,5.82
373,301093, 华兰股份,23.49,-0.13,-0.006,0.65,17.85,-0.264,0.697,-0.763,1.092,0,1.0,2,4.28,8.45,-4.16,22.28,18.48,3.81
374,600769, 祥龙电业,10,0.6,0.134,0.546,17.83,0.341,1.121,-0.213,0.422,1,2.0,3,2.94,1.48,1.45,26.21,20.44,5.77
375,25, 特0力Ａ,16.32,-0.73,0.08,0.163,17.7,-0.092,-0.141,-0.554,-1.855,1,2.0,3,7.79,2.54,5.25,17.42,11.22,6.2
377,2667, 威领股份,10.35,1.67,0.328,1.865,17.69,-0.417,1.026,-0.508,-2.092,1,2.0,4,3.86,3.41,0.46,21.58,15.67,5.91
378,600188, 兖矿能源,13.45,1.2,0.084,0.146,17.68,0.017,0.056,-0.221,-0.411,2,2.0,2,16.74,7.73,9.01,23.98,24.3,-0.33
379,300390, 天华新能,23.62,2.74,0.181,0.845,17.64,-0.394,-0.678,-0.002,1.677,1,1.0,3,13.84,11.26,2.57,28.44,26.83,1.61
380,300604, 长川科技,48.19,2.84,0.494,1.061,17.63,-0.095,0.363,-0.87,0.014,1,2.0,4,11.82,9.52,2.31,34.59,30.28,4.31
381,688589, 力合微,29.16,1.6,0.364,0.359,17.6,0.758,1.011,0.658,1.503,4,4.0,6,11.47,4.67,6.8,26.92,21.83,5.09
382,603077, 和邦生物,1.9,-0.52,0.05,0.099,17.6,-0.021,0.225,-0.183,0.151,2,2.0,3,19.03,7.43,11.6,25.39,29.82,-4.43
383,301419, 阿莱德,35.2,2.0,1.603,2.46,17.58,2.939,1.444,1.01,-1.923,3,4.0,4,7.08,1.3,5.77,26.15,20.84,5.31
384,2498, 汉缆股份,3.58,-0.28,0.089,1.072,17.56,0.997,2.436,0.765,2.044,3,4.0,6,6.24,6.88,-0.64,23.12,19.58,3.54
385,300698, 万马科技,43.98,-0.45,0.154,0.803,17.55,1.068,1.621,-0.784,-3.33,3,3.0,3,7.74,7.72,0.02,33.58,29.71,3.87
386,850, 华茂股份,4.35,0.0,0.106,0.336,17.54,-0.38,-0.26,0.382,2.643,1,1.0,4,10.32,0.0,10.32,27.57,31.47,-3.9
387,603038, 华立股份,16.93,0.71,0.193,0.967,17.46,0.445,-0.697,-0.086,0.338,2,3.0,5,4.32,3.05,1.27,20.48,14.72,5.76
389,601975, 招商南油,3.05,-0.33,0.094,0.171,17.37,-0.487,-0.188,-1.467,-0.326,1,1.0,2,31.29,20.71,10.57,24.9,29.96,-5.07
391,420, 吉林化纤,3.74,-1.58,-0.033,0.878,17.3,0.359,3.005,-0.354,0.807,0,2.0,3,6.88,6.97,-0.09,24.85,26.08,-1.23
393,2232, 启明信息,21.71,2.16,0.249,1.771,17.24,-0.114,-0.892,-0.927,-3.433,2,2.0,4,3.66,4.47,-0.81,26.64,21.41,5.24
394,601089, 福元医药,15.03,-1.57,0.032,0.447,17.22,0.005,0.667,-0.174,1.062,1,3.0,3,10.53,2.61,7.91,12.88,17.61,-4.72
399,600400, 红豆股份,2.37,0.42,0.193,-0.016,17.06,0.201,0.121,0.607,-0.009,1,4.0,6,6.66,2.98,3.67,33.88,19.76,14.12
400,300466, 赛摩智能,8.35,2.58,0.496,0.997,17.03,-0.458,1.183,-0.319,4.101,1,2.0,4,4.77,1.3,3.47,24.62,17.96,6.66
401,545, 金浦钛业,2.25,0.9,0.454,0.037,17.0,0.885,-0.164,1.022,-1.159,2,4.0,6,9.94,4.84,5.1,33.81,22.62,11.19
402,688027, 国盾量子,303.09,2.01,0.261,0.28,16.88,0.277,0.522,-0.417,0.046,1,3.0,4,20.57,10.75,9.82,34.66,36.51,-1.85
403,601319, 中国人保,6.88,-1.43,0.0,0.046,16.87,-0.008,0.089,0.006,0.18,2,3.0,6,15.51,14.82,0.69,23.45,23.86,-0.41
405,601992, 金隅集团,1.69,-1.17,-0.001,0.117,16.77,0.003,0.189,0.123,0.389,0,3.0,7,9.36,9.03,0.33,29.47,30.08,-0.61
407,300987, 川网传媒,16.75,0.96,0.523,1.403,16.72,0.317,-0.598,-0.702,0.097,3,3.0,5,6.18,5.67,0.51,24.87,17.1,7.77
408,601555, 东吴证券,7.98,0.0,0.052,0.078,16.71,0.076,0.477,-0.266,0.182,3,3.0,4,9.84,11.01,-1.16,36.86,27.99,8.87
409,300977, 深圳瑞捷,19.17,2.73,0.524,0.974,16.7,0.864,2.458,0.374,2.654,2,3.0,4,6.43,0.0,6.43,21.5,17.27,4.23
411,603375, 盛景微,38.69,1.52,0.344,0.524,16.59,0.221,-0.491,-0.574,-0.189,1,4.0,5,8.95,10.65,-1.7,27.69,16.35,11.33
412,603095, 越剑智能,24.28,0.37,0.253,0.138,16.58,-0.262,-1.599,0.713,-1.41,1,2.0,4,3.4,9.42,-6.02,34.87,15.57,19.3
413,2405, 四维图新,10.21,2.0,0.176,0.957,16.56,0.012,-0.922,-0.168,-3.014,1,4.0,6,11.68,10.14,1.54,26.02,23.51,2.5
415,603213, 镇洋发展,9.41,-0.32,0.046,0.244,16.48,0.085,-0.656,-0.014,-0.724,2,3.0,4,10.05,9.71,0.33,15.21,9.27,5.94
416,2014, 永新股份,10.24,-0.68,0.031,0.226,16.47,0.138,0.281,0.243,1.185,4,4.0,9,0.0,0.0,0.0,17.05,10.0,7.05
417,605177, 东亚药业,19.56,0.41,0.0,0.323,16.44,-0.043,-0.273,-0.228,-0.252,2,2.0,6,9.52,10.22,-0.7,19.98,19.26,0.72
418,600807, 济高发展,3.21,0.31,0.126,2.986,16.39,2.173,2.129,0.65,-6.053,1,3.0,5,3.17,4.75,-1.58,17.7,13.98,3.73
419,404, 长虹华意,7.29,0.55,0.2,0.173,16.38,0.241,0.45,-0.21,3.539,1,3.0,5,6.01,3.93,2.07,27.53,17.33,10.21
420,300188, 国投智能,16.46,2.24,0.547,1.073,16.35,0.377,0.244,-1.3,-4.326,1,3.0,4,11.26,5.58,5.68,26.05,23.38,2.67
421,652, 泰达股份,3.98,-0.25,0.059,0.167,16.35,0.134,0.762,0.113,1.56,1,3.0,6,14.39,0.0,14.39,15.43,21.84,-6.41
422,300145, 中金环境,4.41,2.8,0.674,1.436,16.33,-0.394,-2.789,-1.917,-5.192,1,2.0,5,10.79,6.48,4.32,30.19,27.27,2.92
424,601860, 紫金银行,2.7,-0.74,-0.012,0.135,16.29,0.036,0.794,0.224,0.645,0,1.0,3,13.36,27.77,-14.41,35.92,23.05,12.87
425,688273, 麦澜德,24.81,0.61,0.191,0.465,16.29,-0.094,0.361,-0.396,0.764,1,2.0,3,2.84,0.0,2.84,21.34,14.1,7.24
426,1259, 利仁科技,22.97,-0.04,0.39,0.908,16.21,-0.731,-1.456,-1.632,-1.567,1,1.0,1,7.82,0.44,7.37,11.65,7.57,4.08
428,300900, 广联航空,21.69,0.7,0.224,0.552,16.07,-0.658,-2.099,-0.662,-2.417,2,2.0,4,11.59,2.75,8.85,29.94,32.54,-2.6
429,2201, 九鼎新材,5.51,-1.43,0.109,0.445,16.07,0.162,0.954,-0.183,-0.181,3,3.0,4,2.96,0.0,2.96,18.06,12.61,5.44
432,688620, 安凯微,16.85,2.49,0.669,1.342,15.94,0.042,2.23,-11.301,-17.213,1,4.0,4,15.34,8.12,7.22,27.8,28.13,-0.33
433,955, 欣龙控股,4.24,0.0,0.172,0.403,15.94,0.188,0.479,-1.289,-1.781,1,3.0,3,0.92,5.91,-5.0,23.75,8.8,14.94
434,2494, 华斯股份,4.23,-1.17,0.134,1.04,15.93,0.191,0.177,-0.941,-1.915,3,3.0,4,3.23,3.36,-0.14,18.75,13.49,5.26
435,688633, 星球石墨,29.44,1.94,0.129,0.13,15.91,0.176,-0.01,0.095,0.486,2,3.0,4,2.32,3.42,-1.1,32.36,20.03,12.33
438,600017, 日照港,2.96,-0.67,0.018,0.178,15.88,0.202,1.783,0.205,2.78,1,4.0,7,5.45,7.14,-1.7,26.37,21.8,4.57
440,35, 中国天楹,4.73,-0.84,0.073,0.174,15.82,-0.142,1.866,-0.124,3.927,1,3.0,6,2.4,3.77,-1.36,31.89,22.96,8.93
441,300314, 戴维医疗,11.69,0.26,0.165,0.427,15.8,-0.251,0.115,-0.725,-1.154,1,1.0,2,0.0,0.0,0.0,28.01,19.41,8.6
442,600419, 天润乳业,9.16,0.88,0.184,1.136,15.79,0.054,1.393,-0.236,1.418,1,3.0,5,9.53,3.3,6.22,11.06,10.77,0.29
443,600179, 安通控股,2.82,-0.35,0.002,0.684,15.79,0.202,1.226,0.099,1.343,2,2.0,5,7.58,6.57,1.0,28.13,29.04,-0.91
445,2380, 科远智慧,27.99,1.93,0.482,1.967,15.76,3.297,6.908,5.689,12.482,3,4.0,7,10.83,8.38,2.45,26.27,23.8,2.46
446,601985, 中国核电,9.98,-0.89,0.006,0.04,15.76,-0.043,-0.155,-0.008,-0.454,3,3.0,5,31.63,24.88,6.75,19.69,24.31,-4.62
447,300807, 天迈科技,39.52,1.96,0.346,3.264,15.75,1.272,9.507,0.945,8.7,2,3.0,6,5.7,3.03,2.66,21.47,20.51,0.96
449,600681, 百川能源,3.31,-0.3,0.033,0.022,15.68,0.009,0.205,0.05,0.766,2,3.0,6,9.32,3.35,5.97,22.44,15.84,6.6
450,300489, 光智科技,54.55,-0.67,0.175,1.11,15.67,-0.533,0.615,-1.198,0.046,1,2.0,4,4.77,7.33,-2.56,26.4,19.61,6.79
451,603639, 海利尔,12.32,-0.65,0.019,0.065,15.64,-0.176,0.056,-0.317,0.169,1,1.0,2,1.41,1.62,-0.21,23.74,15.54,8.2
454,688667, 菱电电控,44.96,1.97,0.087,0.094,15.56,-0.189,0.05,-0.808,-0.291,2,2.0,3,14.17,0.0,14.17,11.06,12.81,-1.75
457,600654, 中安科,3.68,1.38,0.269,1.102,15.5,0.095,0.032,-0.7,-1.219,1,3.0,4,10.37,6.5,3.88,18.89,16.6,2.29
458,600389, 江山股份,13.56,-1.38,0.061,0.142,15.5,0.407,1.175,0.107,1.789,3,3.0,4,10.38,14.33,-3.94,23.98,12.55,11.44
459,2211, 宏达新材,4.19,1.95,0.893,0.752,15.5,1.017,3.077,1.823,7.13,1,4.0,5,9.37,0.0,9.37,17.93,14.56,3.36
460,600105, 永鼎股份,5.92,0.34,0.185,1.367,15.48,1.625,8.841,0.143,4.302,3,4.0,4,13.64,9.86,3.78,23.2,23.99,-0.79
461,300124, 汇川技术,74.65,0.88,0.068,0.195,15.48,0.182,0.735,-0.136,0.316,3,4.0,5,19.03,17.98,1.05,32.86,29.99,2.88
462,603076, 乐惠国际,22.87,-0.57,0.051,0.189,15.41,-0.105,0.079,-0.446,0.37,3,3.0,4,0.11,0.59,-0.48,24.79,16.94,7.85
464,603125, 常青科技,19.56,0.0,0.16,0.627,15.4,-0.076,-0.462,-1.561,-0.349,1,2.0,2,10.05,0.71,9.34,14.71,16.72,-2.01
465,600482, 中国动力,22.2,-0.85,0.023,0.144,15.39,-0.215,-0.41,-0.339,-0.51,2,2.0,4,7.22,9.43,-2.21,28.36,22.65,5.7
466,688110, 东芯股份,31.11,0.45,0.241,0.564,15.38,-0.257,-2.122,-0.056,-0.615,1,2.0,6,14.27,8.95,5.32,29.42,28.9,0.52
467,600456, 宝钛股份,28.55,0.32,0.133,0.23,15.37,0.14,0.436,-0.071,0.53,1,3.0,4,9.33,6.44,2.89,23.88,17.68,6.2
469,2026, 山东威达,11.14,1.18,0.229,0.494,15.36,0.376,0.009,0.269,1.86,2,3.0,6,4.02,0.89,3.13,29.16,24.22,4.94
470,600353, 旭光电子,8.81,2.44,0.255,1.489,15.35,2.43,7.957,2.145,6.531,2,3.0,4,8.48,6.17,2.31,25.64,23.97,1.66
471,688372, 伟测科技,86.38,1.64,0.409,0.579,15.32,2.809,4.312,3.782,4.488,5,5.0,8,9.57,10.71,-1.14,32.51,23.26,9.25
472,601136, 首创证券,21.25,1.19,0.437,1.212,15.27,-0.157,-1.754,-0.799,-2.206,3,3.0,4,11.14,9.15,1.99,29.38,25.79,3.59
473,2391, 长青股份,5.04,-0.59,0.119,-0.044,15.26,-0.274,-1.214,-0.217,-1.696,1,1.0,3,14.4,0.0,14.4,20.79,17.54,3.25
474,601566, 九牧王,8.36,-0.83,0.079,0.164,15.25,-0.043,1.381,-0.071,1.413,1,4.0,7,2.88,0.27,2.62,17.33,8.94,8.39
475,3029, 吉大正元,24.75,1.14,0.041,1.419,15.25,-0.267,0.672,0.457,-0.393,1,2.0,4,5.36,4.81,0.55,24.33,23.91,0.42
477,2978, 安宁股份,31.5,0.32,0.123,0.126,15.22,-0.171,0.342,-0.293,0.806,1,3.0,5,3.72,0.0,3.72,28.12,20.78,7.34
479,600993, 马应龙,23.59,-0.97,0.073,0.156,15.18,0.038,-0.261,-0.459,0.166,2,2.0,3,4.41,5.26,-0.85,27.59,18.59,9.0
481,2745, 木林森,9.03,2.61,0.474,0.416,15.1,0.828,0.112,-0.311,-0.333,2,2.0,4,9.23,3.18,6.05,31.35,27.31,4.03
482,2780, 三夫户外,10.75,-0.74,0.144,1.073,15.08,-0.685,2.729,-0.963,2.542,1,3.0,5,5.92,3.53,2.39,15.96,13.27,2.69
484,2932, 明德生物,18.77,0.32,0.106,0.152,15.07,-0.41,-0.648,-0.513,-1.524,1,1.0,3,0.0,0.0,0.0,17.17,4.48,12.69
485,300011, 鼎汉技术,8.43,1.44,0.463,1.339,15.04,0.959,5.774,-0.433,2.498,4,4.0,4,6.96,4.62,2.34,26.99,22.95,4.04
486,2372, 伟星新材,11.53,-1.2,0.035,0.118,15.04,0.095,0.431,0.041,0.744,3,4.0,5,8.93,0.0,8.93,14.54,15.52,-0.98
487,300953, 震裕科技,149.96,0.51,0.265,0.735,15.03,1.457,2.417,0.23,-0.75,3,4.0,7,23.47,22.14,1.33,31.39,29.05,2.33
488,603416, 信捷电气,52.86,2.42,0.198,0.379,15.02,-0.632,-1.087,-1.065,-1.343,2,2.0,3,15.46,3.78,11.67,23.3,27.77,-4.47
489,688648, 中邮科技,25.04,0.24,0.223,0.325,15.0,0.317,-0.193,-0.299,-0.382,4,4.0,5,0.39,0.0,0.39,24.84,14.42,10.42
490,603916, 苏博特,7.69,0.13,0.083,0.292,14.98,0.323,0.748,-0.007,0.032,3,3.0,4,2.48,1.29,1.19,20.37,13.68,6.69
492,300405, 科隆股份,4.91,0.0,0.238,1.286,14.95,-0.99,1.574,-1.305,0.813,1,3.0,5,2.57,0.0,2.57,20.56,17.0,3.56
493,301131, 聚赛龙,37.79,1.18,0.538,1.856,14.93,1.157,6.125,1.229,7.174,2,4.0,7,0.0,0.0,0.0,24.32,16.6,7.72
494,688020, 方邦股份,36.62,1.08,0.123,0.13,14.91,0.271,-0.285,0.085,-0.109,1,3.0,5,6.49,0.0,6.49,18.94,13.56,5.37
497,600008, 首创环保,3.05,-0.97,0.044,0.129,14.86,0.171,1.016,0.253,1.865,1,3.0,7,16.46,11.13,5.33,27.42,28.01,-0.59
498,688353, 华盛锂电,25.15,1.62,0.143,0.218,14.85,-0.788,-0.116,0.435,2.054,1,1.0,4,3.71,13.75,-10.04,34.35,15.75,18.6
499,2538, 司尔特,5.62,-1.75,-0.012,0.522,14.84,-0.267,2.015,-0.206,4.52,0,1.0,3,4.87,7.57,-2.71,22.58,20.76,1.82
500,300671, 富满微,37.17,1.86,0.18,1.264,14.81,-0.045,-1.448,-0.821,-0.414,1,3.0,4,4.4,3.71,0.69,24.49,21.17,3.32
501,2079, 苏州固锝,11.14,2.3,0.027,2.107,14.79,0.605,4.473,0.201,3.005,3,4.0,5,7.17,5.46,1.71,22.4,23.68,-1.29
502,603586, 金麒麟,14.53,1.25,0.076,0.481,14.78,-0.28,-0.01,-1.079,-0.939,1,2.0,2,3.86,3.2,0.66,15.22,9.44,5.77
503,1287, 中电港,21.65,0.56,0.058,1.022,14.75,0.323,2.442,-0.805,0.132,3,3.0,3,2.53,6.5,-3.97,29.85,24.21,5.64
504,2578, 闽发铝业,3.15,0.0,0.095,1.078,14.74,-0.357,2.615,-1.201,-1.25,1,2.0,2,1.76,0.0,1.76,18.15,16.09,2.05
505,688090, 瑞松科技,50.01,0.02,0.13,0.581,14.72,-0.33,0.745,-0.35,1.237,2,3.0,5,12.71,16.34,-3.64,35.36,28.62,6.74
506,2454, 松芝股份,7.11,2.45,0.138,0.446,14.71,-0.263,-0.176,-0.523,-0.308,1,1.0,2,9.18,3.3,5.87,18.27,16.95,1.32
507,2351, 漫步者,16.67,2.33,0.441,1.161,14.69,-0.878,-0.695,-3.725,-5.621,1,2.0,3,4.23,3.55,0.69,27.38,20.83,6.55
508,3012, 东鹏控股,5.95,-1.0,0.052,0.092,14.68,-0.049,0.604,-0.142,0.528,1,2.0,4,3.17,0.57,2.6,17.18,8.8,8.38
510,300357, 我武生物,22.4,1.13,0.096,0.171,14.67,0.151,0.739,0.628,0.702,1,3.0,6,6.31,7.12,-0.81,33.43,25.34,8.1
512,300939, 秋田微,33.44,0.84,0.173,0.256,14.64,0.033,-0.392,-0.517,-1.436,1,2.0,2,9.19,0.0,9.19,22.68,22.47,0.21
514,600736, 苏州高新,6.1,1.5,0.193,1.114,14.61,0.674,1.875,-0.39,-0.824,3,3.0,3,7.68,5.12,2.55,24.49,22.97,1.52
515,688059, 华锐精密,60.11,2.61,0.418,0.18,14.59,1.781,1.925,1.239,1.674,5,5.0,6,14.64,12.42,2.22,31.96,22.76,9.19
516,2529, 海源复材,7.33,0.69,0.056,1.664,14.58,-1.778,0.185,-0.934,2.052,1,1.0,3,3.46,4.14,-0.68,18.66,16.43,2.24
517,2962, 五方光电,17.19,0.41,0.162,1.803,14.55,-0.498,6.132,-2.396,5.309,1,3.0,3,3.59,4.46,-0.87,19.33,15.02,4.31
519,603223, 恒通股份,9.26,-0.32,0.099,0.01,14.52,-0.197,-0.391,-0.437,-0.334,1,2.0,3,6.45,1.29,5.16,24.28,15.28,9.0
520,300037, 新宙邦,34.81,-0.46,0.05,0.657,14.51,0.4,1.383,0.591,2.054,3,3.0,7,6.05,5.76,0.29,24.44,22.56,1.88
522,688509, 正元地信,4.33,0.46,0.204,0.241,14.49,-0.514,-1.022,-0.457,0.181,2,2.0,4,2.92,1.45,1.48,23.26,13.69,9.57
523,301158, 德石股份,14.62,1.46,0.138,1.043,14.49,0.372,2.29,0.09,3.132,2,4.0,5,0.0,2.06,-2.06,20.99,13.87,7.12
524,2412, 汉森制药,6.11,-0.65,0.039,0.37,14.46,-0.076,-0.004,-0.22,0.415,2,3.0,7,0.0,0.0,0.0,18.93,14.22,4.71
525,688579, 山大地纬,11.09,0.54,0.258,0.178,14.46,0.418,-0.096,-0.751,-3.792,1,3.0,4,10.17,3.76,6.41,22.91,17.74,5.17
526,688005, 容百科技,38.6,1.58,0.203,0.31,14.45,0.92,1.014,1.255,2.054,3,3.0,7,6.77,6.93,-0.16,37.14,29.93,7.22
527,300100, 双林股份,45.71,-0.02,0.253,2.072,14.44,-0.612,-3.905,-1.401,-7.5,1,2.0,4,6.37,7.0,-0.62,26.91,23.39,3.51
528,3005, 竞业达,40.11,2.69,1.011,1.296,14.44,4.223,-1.333,1.142,-8.435,1,2.0,4,10.35,3.03,7.32,24.25,22.22,2.03
529,600693, 东百集团,5.55,0.91,0.752,0.54,14.43,-0.552,-3.92,-2.916,-11.535,1,1.0,2,6.01,1.31,4.7,22.12,14.85,7.27
531,2947, 恒铭达,38.06,2.04,0.302,0.919,14.41,0.599,-3.674,0.542,-3.301,2,4.0,6,11.65,10.94,0.71,28.21,23.83,4.38
532,605399, 晨光新材,11.53,0.35,0.094,0.21,14.4,-0.391,-0.613,-0.902,-0.632,1,2.0,4,3.24,3.13,0.12,22.11,13.32,8.79
533,603369, 今世缘,49.57,-0.04,0.028,0.12,14.39,0.082,0.249,0.159,0.393,4,4.0,6,8.84,3.49,5.35,15.0,13.74,1.26
534,605167, 利柏特,9.45,1.18,0.081,0.144,14.38,-0.459,-1.529,-0.693,-0.939,1,1.0,2,2.28,0.05,2.23,23.07,15.5,7.57
535,2285, 世联行,2.57,0.39,0.107,0.48,14.35,-0.119,0.488,0.558,7.957,1,2.0,5,6.37,4.13,2.24,29.55,27.52,2.03
536,2173, 创新医疗,10.84,2.75,0.975,1.911,14.31,3.792,-2.653,2.017,-11.568,1,2.0,4,8.2,6.26,1.94,29.58,24.3,5.29
537,301127, 天源环保,17.98,2.68,0.31,0.116,14.3,0.235,-0.893,0.257,-0.475,1,3.0,5,15.23,5.28,9.95,36.67,35.94,0.73
538,848, 承德露露,8.28,-1.08,0.017,0.191,14.29,0.021,0.406,0.112,1.434,1,2.0,5,0.0,2.77,-2.77,23.63,17.71,5.92
539,2752, 昇兴股份,5.53,-1.07,0.086,0.082,14.26,-0.327,-1.164,-0.865,-1.136,1,1.0,2,5.76,0.0,5.76,21.78,16.39,5.39
540,300681, 英搏尔,40.99,2.73,0.497,1.417,14.26,-0.624,1.908,-4.212,-1.878,1,3.0,3,17.46,17.29,0.17,33.15,29.47,3.68
541,688085, 三友医疗,18.3,0.49,0.066,0.03,14.25,0.394,0.494,0.294,0.691,3,3.0,5,4.63,0.0,4.63,26.5,18.7,7.8
542,600515, 海南机场,3.69,0.82,0.077,0.05,14.2,0.047,-0.134,-0.157,0.041,2,2.0,2,21.42,13.47,7.95,23.66,21.72,1.94
544,600222, 太龙药业,5.56,0.54,0.29,0.401,14.18,1.276,4.818,0.24,2.832,5,5.0,5,8.01,4.12,3.89,31.35,27.24,4.11
546,2306, 中科云网,2.62,1.16,0.652,0.113,14.15,-1.297,-3.779,-0.581,-1.438,1,1.0,4,13.61,3.34,10.27,23.27,20.4,2.86
547,2203, 海亮股份,9.61,-0.52,0.034,0.019,14.15,0.257,-0.125,0.447,-0.522,1,4.0,7,2.28,0.0,2.28,32.84,23.59,9.26
548,300932, 三友联众,14.93,-1.45,0.049,0.461,14.15,-0.279,-1.836,-0.442,-2.624,1,3.0,4,8.75,3.11,5.64,19.63,22.26,-2.64
549,601880, 辽港股份,1.55,-0.64,0.004,0.033,14.14,0.0,0.116,-0.015,0.044,1,2.0,5,23.0,19.07,3.93,28.34,30.97,-2.63
551,601107, 四川成渝,4.76,-1.24,0.018,0.124,14.1,0.082,0.716,0.054,0.836,2,4.0,7,7.36,0.39,6.96,18.31,20.95,-2.65
552,2760, 凤形股份,19.38,1.79,0.774,1.793,14.08,2.083,2.037,0.012,-0.557,3,3.0,3,6.06,2.48,3.58,23.07,18.9,4.17
553,600975, 新五丰,6.08,-0.33,0.175,0.089,14.07,-0.281,-0.332,-1.389,-0.869,1,2.0,4,8.88,1.84,7.04,27.05,22.57,4.48
554,688508, 芯朋微,57.77,2.74,0.351,0.859,14.06,1.647,3.562,0.776,3.232,3,3.0,4,8.41,4.55,3.86,30.71,28.76,1.95
556,688237, 超卓航科,26.53,2.51,0.101,0.829,14.01,0.356,1.928,0.055,2.394,4,4.0,6,0.57,0.0,0.57,28.95,26.27,2.68
557,688032, 禾迈股份,108.27,1.17,0.093,0.093,13.99,-0.338,-0.389,-0.173,0.037,1,1.0,5,12.53,7.18,5.35,25.7,21.81,3.89
559,300129, 泰胜风能,7.19,0.98,0.141,0.401,13.95,0.108,-0.075,0.377,0.471,2,3.0,6,5.67,3.74,1.93,28.39,24.23,4.16
560,603015, 弘讯科技,13.68,1.33,0.35,1.729,13.94,0.51,5.247,-1.52,1.314,1,2.0,3,8.23,3.43,4.8,21.31,21.32,0.0
561,600156, 华升股份,4.82,1.47,0.369,-0.075,13.94,-0.356,-0.349,-1.028,-0.712,1,1.0,2,6.45,2.41,4.04,21.4,10.74,10.66
562,688291, 金橙子,24.61,0.0,0.957,1.881,13.9,2.271,6.371,1.522,6.112,6,5.0,6,3.33,0.17,3.16,19.28,12.65,6.62
564,300281, 金明精机,6.06,1.0,0.089,1.415,13.87,0.582,10.565,-0.13,10.337,1,3.0,3,4.66,1.22,3.44,18.57,19.6,-1.03
565,600379, 宝光股份,9.44,-0.63,0.063,0.084,13.85,0.0,-0.143,-0.451,-0.481,1,2.0,2,6.67,0.17,6.5,21.11,17.79,3.32
566,600853, 龙建股份,3.72,-1.33,0.085,0.747,13.77,0.03,2.98,-0.53,3.452,2,3.0,5,3.56,2.79,0.77,18.89,15.73,3.17
567,300379, 东方通,18.36,0.05,0.35,2.101,13.76,1.54,4.569,-1.112,-0.531,3,3.0,4,10.18,7.61,2.57,24.7,23.75,0.95
568,600148, 长春一东,19.57,-0.31,0.072,0.362,13.75,-0.008,-0.663,-1.02,-0.742,2,3.0,3,0.05,2.03,-1.98,23.02,15.17,7.84
569,2496, 辉丰股份,1.65,2.48,0.259,0.835,13.74,-0.306,1.675,-0.624,2.894,2,3.0,4,10.89,7.11,3.79,30.36,29.84,0.52
570,600557, 康缘药业,13.57,0.52,-0.028,0.535,13.73,-0.263,0.578,-0.572,1.733,0,1.0,2,7.34,8.43,-1.09,16.63,17.79,-1.16
571,2239, 奥特佳,3.23,0.94,0.176,0.57,13.7,0.164,-1.265,-0.665,-2.898,4,4.0,4,10.58,9.74,0.84,26.06,21.89,4.16
572,2088, 鲁阳节能,11.92,-0.17,0.021,0.227,13.66,-0.075,0.197,0.018,0.724,1,2.0,5,0.0,0.0,0.0,12.08,6.32,5.76
573,11, 深物业A,8.31,-0.6,0.056,0.068,13.65,-0.132,-0.542,-0.294,-0.921,1,1.0,2,0.0,0.0,0.0,26.31,16.08,10.23
574,603499, 翔港科技,26.4,0.15,0.07,0.38,13.64,-1.394,-0.531,-3.272,-2.462,1,1.0,1,9.5,1.55,7.96,19.15,22.51,-3.35
575,300602, 飞荣达,24.29,1.21,0.105,1.897,13.64,0.592,4.205,0.768,7.304,1,3.0,5,8.2,9.54,-1.34,32.61,30.15,2.45
576,605088, 冠盛股份,36.69,-1.9,0.122,0.579,13.63,2.05,2.755,2.876,1.779,6,5.0,9,6.55,10.05,-3.5,27.95,20.39,7.56
577,600243, 青海华鼎,3.18,1.92,0.122,2.276,13.62,0.137,3.698,-1.898,1.32,2,4.0,5,2.54,2.52,0.01,22.05,20.04,2.01
579,300496, 中科创达,67.95,1.12,0.324,1.082,13.61,1.156,5.742,-2.437,-0.644,2,3.0,4,14.37,12.78,1.59,32.24,30.05,2.2
580,869, 张0裕Ａ,21.52,-0.83,0.011,0.061,13.6,0.041,0.249,0.008,0.304,1,2.0,4,0.0,2.35,-2.35,17.41,8.21,9.2
581,2762, 金发拉比,5.69,1.25,0.447,1.094,13.58,-0.031,-0.615,-1.186,-0.187,1,2.0,3,0.0,1.81,-1.81,22.88,12.37,10.51
582,2719, 麦趣尔,7.76,1.31,0.094,2.198,13.55,-0.398,2.567,-0.536,-0.411,1,2.0,3,2.03,0.0,2.03,16.26,16.25,0.01
583,2352, 顺丰控股,40.99,-1.32,0.02,0.035,13.53,0.197,0.16,0.213,0.066,1,4.0,7,11.65,6.75,4.91,22.94,20.3,2.64
584,600908, 无锡银行,5.64,-0.88,0.015,0.086,13.52,0.095,0.842,0.313,1.245,1,4.0,7,9.74,4.78,4.96,29.16,31.04,-1.88
585,910, 大亚圣象,7.51,-0.79,0.009,0.078,13.48,-0.018,0.541,-0.129,0.988,1,3.0,4,14.51,18.87,-4.35,25.85,19.34,6.51
586,300968, 格林精密,20.89,1.26,0.218,1.11,13.29,0.208,-0.91,-1.502,-5.505,1,2.0,3,6.67,4.65,2.01,27.64,25.75,1.89
587,300467, 迅游科技,19.78,1.33,0.361,1.496,13.28,-1.285,-4.939,-6.285,-22.886,1,2.0,3,1.69,3.88,-2.19,22.74,14.41,8.33
588,601101, 昊华能源,7.16,-0.56,0.033,0.187,13.28,-0.531,0.007,-0.698,0.625,1,1.0,3,0.26,0.03,0.24,14.21,7.07,7.14
589,605086, 龙高股份,32.95,2.78,0.071,0.36,13.26,-0.112,0.829,0.113,3.103,1,2.0,5,3.76,3.7,0.06,29.67,25.86,3.81
591,603960, 克来机电,21.3,1.82,0.293,0.457,13.16,-0.124,-0.102,-0.451,-0.478,1,2.0,3,6.26,5.48,0.78,27.86,20.87,7.0
592,601018, 宁波港,3.53,-1.4,-0.002,0.039,13.12,-0.006,0.142,-0.001,0.319,0,1.0,4,11.48,7.98,3.51,15.9,20.78,-4.88
593,688328, 深科达,17.35,0.64,0.217,0.465,13.11,0.676,1.345,0.223,1.537,1,2.0,3,6.81,3.22,3.59,20.87,16.65,4.23
594,601968, 宝钢包装,4.66,-0.85,0.009,0.164,13.09,0.047,0.424,-0.162,0.742,4,4.0,5,11.02,3.04,7.98,12.27,18.16,-5.89
595,300218, 安利股份,16.98,1.31,0.148,0.79,13.06,-0.763,-2.386,-1.22,0.136,1,1.0,3,4.08,3.69,0.39,26.63,22.88,3.75
596,600392, 盛和资源,11.13,-0.09,0.066,0.185,13.05,-0.182,-1.169,-1.143,-2.537,2,3.0,3,5.35,1.83,3.52,24.48,21.61,2.87
597,603708, 家家悦,9.99,-0.6,0.041,0.204,13.05,-0.07,0.488,-0.179,-0.331,1,2.0,4,0.53,0.01,0.52,16.24,9.62,6.62
598,603711, 香飘飘,14.3,0.49,0.075,0.324,13.04,-0.489,-1.541,-0.818,-3.158,1,1.0,3,2.33,2.69,-0.36,22.85,16.88,5.97
599,688272, 富吉瑞,35.43,1.96,0.173,0.482,13.04,2.704,4.624,3.209,4.396,6,5.0,8,3.74,5.57,-1.82,30.98,23.49,7.49
600,301169, 零点有数,44.44,1.44,0.345,0.231,13.03,0.114,-0.49,-0.507,-4.321,1,2.0,4,0.85,2.74,-1.89,27.24,14.53,12.72
601,2870, 香山股份,36.64,-0.27,0.426,0.721,13.01,2.966,4.126,2.244,5.229,2,3.0,5,8.89,3.66,5.23,23.64,21.14,2.5
602,603281, 江瀚新材,23.64,-1.05,0.018,0.135,13.01,-0.075,0.635,-0.043,1.055,2,2.0,4,0.78,0.0,0.78,14.69,9.68,5.02
603,600668, 尖峰集团,10.06,-0.3,0.033,0.134,13.0,-0.145,0.183,-0.319,0.069,1,1.0,3,5.12,4.27,0.85,17.58,12.01,5.57
605,688516, 奥特维,45.65,1.31,0.131,0.23,12.97,0.715,1.122,0.808,1.063,2,3.0,6,8.16,8.72,-0.56,36.89,30.68,6.22
607,300279, 和晶科技,6.98,1.45,0.422,-0.04,12.86,0.287,-1.981,-0.448,-4.246,1,2.0,2,7.13,2.26,4.87,27.51,18.97,8.54
608,2942, 新农股份,15,-1.32,0.153,-0.018,12.83,-0.267,-1.202,-0.8,-2.047,1,1.0,2,0.0,0.0,0.0,23.76,10.61,13.15
609,2967, 广电计量,20.23,1.3,0.044,0.794,12.81,0.076,2.307,-0.18,3.044,2,2.0,3,1.11,1.28,-0.17,18.08,15.51,2.57
610,600639, 浦东金桥,10.65,-1.11,0.017,0.107,12.81,-0.028,0.169,-0.096,0.158,1,3.0,4,0.2,8.55,-8.35,23.46,10.67,12.8
612,688570, 天玛智控,20.72,1.47,0.07,0.12,12.72,-0.106,-0.759,-0.29,-0.756,1,3.0,4,0.83,0.21,0.62,26.84,19.23,7.61
613,301166, 优宁维,29.34,0.51,0.131,0.332,12.72,-0.088,-0.519,-0.5,-3.052,1,2.0,3,0.0,0.0,0.0,15.58,6.05,9.53
614,2001, 新 和 成,21.44,-1.02,0.005,0.101,12.71,0.051,0.21,0.074,0.219,7,5.0,7,14.25,14.15,0.1,24.27,23.44,0.83
615,603366, 日出东方,12.4,0.9,0.185,1.647,12.7,-0.732,-2.666,-4.746,-12.627,1,1.0,1,8.3,4.4,3.91,19.29,20.22,-0.93
616,688033, 天宜上佳,6.23,0.97,0.097,0.365,12.69,-0.023,-0.481,-0.058,-0.101,2,3.0,4,6.48,1.09,5.4,23.64,23.81,-0.17
617,2664, 信质集团,20.98,0.82,0.381,0.503,12.68,1.795,0.866,0.744,-2.603,3,4.0,5,21.63,18.26,3.37,27.69,25.05,2.64
621,2043, 兔 宝 宝,10.45,-1.04,0.041,0.201,12.63,0.107,0.626,0.321,2.656,1,3.0,7,6.9,2.7,4.2,17.58,16.65,0.93
622,688199, 久日新材,16.29,1.05,0.091,0.155,12.58,-0.025,0.103,-0.299,-0.175,1,3.0,4,9.78,4.81,4.97,13.47,9.35,4.12
623,301133, 金钟股份,23.57,1.77,0.144,0.172,12.57,0.083,0.298,-0.107,-0.278,1,4.0,5,0.43,0.0,0.43,20.78,10.99,9.8
624,600618, 氯碱化工,10.14,-0.98,0.025,0.246,12.55,-0.229,-0.61,-1.008,-3.429,2,3.0,5,6.09,0.87,5.22,22.0,24.55,-2.55
626,600887, 伊利股份,27.44,-0.29,0.051,0.018,12.53,0.211,0.255,0.289,0.457,9,5.0,9,10.23,11.95,-1.72,34.51,22.64,11.87
627,603178, 圣龙股份,18.57,0.98,0.072,0.472,12.53,-0.123,-0.528,-0.503,-1.034,2,2.0,2,2.16,0.62,1.54,22.06,19.33,2.72
628,301121, 紫建电子,61.44,2.14,0.595,2.168,12.51,-1.393,-3.547,-2.635,1.384,1,1.0,2,3.57,3.9,-0.33,28.81,23.6,5.21
629,301160, 翔楼新材,90.4,2.76,-0.184,2.39,12.5,-1.18,1.861,-3.675,-3.103,0,1.0,2,8.95,7.8,1.14,32.2,34.71,-2.5
630,2158, 汉钟精机,19.4,0.94,0.157,0.099,12.49,0.3,-0.377,-0.004,0.135,1,3.0,4,7.63,3.23,4.4,24.92,19.22,5.7
631,1216, 华瓷股份,13.01,2.85,0.102,0.887,12.48,-0.186,1.436,-0.328,1.822,1,2.0,4,1.16,0.0,1.16,20.87,18.29,2.58
632,300984, 金沃股份,70.24,-0.18,0.368,0.368,12.47,-0.45,-0.069,-1.19,-3.052,1,2.0,4,12.94,6.81,6.13,30.25,28.79,1.46
633,415, 渤海租赁,3.56,1.14,0.103,0.295,12.45,-0.327,0.099,-0.327,1.122,1,2.0,4,10.07,5.52,4.55,26.95,26.62,0.33
634,601086, 国芳集团,4.85,2.54,0.117,0.628,12.45,-0.032,-0.24,-0.492,-3.075,1,2.0,3,4.24,0.72,3.52,18.49,16.81,1.68
635,603901, 永创智能,10.1,2.12,0.193,0.478,12.44,-0.69,-1.294,-3.023,-9.175,2,2.0,2,7.08,3.38,3.7,22.35,19.44,2.92
636,300747, 锐科激光,20.57,0.83,0.055,0.352,12.44,0.189,1.584,-0.495,0.262,3,3.0,3,6.15,5.47,0.68,27.56,25.21,2.35
639,688669, 聚石化学,15.65,0.06,0.089,-0.017,12.39,-0.124,-0.757,-0.484,-1.218,1,2.0,2,2.99,0.0,2.99,22.98,12.93,10.05
641,300371, 汇中股份,10.32,-0.96,0.196,0.976,12.37,0.176,2.829,0.021,2.875,1,3.0,3,0.0,0.0,0.0,11.36,2.85,8.51
642,300375, 鹏翎股份,5.08,0.99,0.319,0.497,12.32,0.159,-0.237,-1.263,-1.098,2,3.0,3,8.71,4.03,4.68,26.37,23.86,2.51
644,300925, 法本信息,28.08,1.92,0.655,1.372,12.31,-1.044,-0.875,-6.367,-13.721,1,2.0,3,8.99,8.21,0.77,31.59,26.88,4.71
645,426, 兴业银锡,12.62,-1.17,0.008,0.107,12.31,-0.339,-1.008,-0.685,-0.842,1,2.0,4,5.71,17.2,-11.49,38.12,25.52,12.6
648,2845, 同兴达,16.78,1.27,-0.141,3.507,12.27,-0.919,1.774,-0.229,2.145,0,1.0,4,2.74,6.36,-3.62,23.09,20.89,2.2
649,2716, 湖南白银,3.56,-0.56,0.048,0.315,12.21,-0.583,1.399,-1.039,0.958,1,2.0,3,10.55,4.34,6.21,20.64,23.73,-3.09
650,603663, 三祥新材,21.56,1.79,0.174,0.285,12.2,0.693,1.446,0.191,-3.578,1,3.0,4,7.44,4.24,3.2,29.79,26.37,3.43
651,715, 中兴商业,6.48,0.15,-0.007,0.971,12.18,-0.343,2.392,-0.562,0.621,0,1.0,3,1.75,0.0,1.75,19.09,21.14,-2.05
652,301279, 金道科技,22.63,0.76,0.257,1.332,12.18,-1.227,-2.583,-2.538,-3.391,2,2.0,2,0.0,0.0,0.0,16.06,9.37,6.69
653,300837, 浙矿股份,21.79,0.55,0.222,0.149,12.14,0.116,0.223,0.262,0.655,1,2.0,3,5.79,0.11,5.69,20.65,16.1,4.55
656,688109, 品茗科技,29.8,0.68,0.231,0.321,12.12,0.063,0.264,-1.216,-2.379,1,2.0,2,10.05,9.2,0.84,20.13,12.91,7.22
657,600403, 大有能源,2.71,-0.37,0.021,0.117,12.12,-0.083,0.413,-0.051,0.419,2,2.0,5,0.0,0.0,0.0,14.67,7.92,6.75
658,600035, 楚天高速,4.25,-1.39,0.0,0.226,12.12,-0.061,0.654,-0.198,0.633,0,1.0,3,1.05,4.84,-3.79,20.66,16.91,3.75
660,1965, 招商公路,13.27,1.22,0.009,0.056,12.1,-0.135,-0.11,-0.202,-0.119,1,1.0,3,1.19,5.38,-4.18,23.29,14.88,8.41
661,601872, 招商轮船,6.31,-0.47,0.0,0.113,12.1,-0.083,0.422,-0.102,0.796,3,3.0,5,7.54,6.91,0.62,20.28,20.74,-0.46
662,688021, 奥福环保,11.22,0.45,0.104,0.146,12.09,0.064,0.287,-0.055,0.71,1,3.0,4,11.27,0.0,11.27,4.19,5.0,-0.81
663,603399, 永杉锂业,8.99,0.22,0.048,0.584,12.03,-0.183,-0.04,-0.736,-0.644,2,2.0,3,3.44,7.13,-3.68,21.85,15.75,6.09
665,600218, 全柴动力,8.69,-1.36,-0.323,2.472,12.02,1.022,5.564,0.179,3.149,0,3.0,4,4.48,5.76,-1.28,20.24,24.55,-4.32
666,300752, 隆利科技,20.7,0.49,0.174,0.907,12.02,0.669,-0.327,0.185,-1.837,1,2.0,4,4.8,2.84,1.96,20.79,18.2,2.58
667,600623, 华谊集团,6.59,-1.05,0.011,0.087,11.99,-0.09,0.278,-0.445,0.107,1,2.0,2,0.8,6.08,-5.27,32.78,25.11,7.67
668,601007, 金陵饭店,6.71,-0.74,0.016,0.359,11.95,0.034,1.06,0.075,2.426,2,3.0,6,0.67,0.62,0.05,19.65,18.04,1.61
669,603685, 晨丰科技,12.57,0.0,0.049,-0.007,11.94,-0.163,-0.056,-0.461,-0.24,1,1.0,1,6.86,0.0,6.86,14.72,9.31,5.41
670,2600, 领益智造,10.49,0.38,0.139,0.483,11.92,0.477,-0.405,-0.324,-2.095,1,3.0,5,17.51,14.08,3.43,25.81,25.79,0.02
671,895, 双汇发展,26.34,-0.04,0.008,0.056,11.87,0.188,0.1,0.33,0.17,8,5.0,9,1.04,3.14,-2.1,23.88,18.23,5.66
672,600830, 香溢融通,9.65,-1.53,0.014,0.571,11.86,-0.228,-0.241,-0.546,-2.517,2,2.0,4,16.0,10.39,5.61,16.21,21.23,-5.02
673,301386, 未来电器,21.19,0.86,0.088,1.296,11.86,0.33,2.327,-0.081,3.848,3,3.0,5,0.0,0.0,0.0,23.6,21.49,2.11
674,301319, 唯特偶,33.03,2.83,0.342,1.701,11.83,-0.082,-0.024,-1.115,0.261,1,3.0,4,4.66,1.96,2.7,21.23,19.34,1.89
675,2643, 万润股份,11.51,1.14,0.013,0.593,11.82,0.156,1.722,0.057,1.992,1,3.0,5,3.32,5.04,-1.73,29.77,27.49,2.28
676,2497, 雅化集团,12.45,0.57,0.073,0.173,11.75,-0.187,-1.573,-0.169,-2.373,1,2.0,5,10.04,1.42,8.62,20.39,22.82,-2.43
677,600741, 华域汽车,17.74,1.26,0.019,0.092,11.75,-0.012,0.368,0.066,0.684,1,3.0,6,6.23,4.26,1.97,20.07,17.47,2.6
678,1230, 劲旅环境,17.95,-0.22,0.102,0.256,11.73,0.17,-0.377,0.015,-0.83,2,2.0,5,0.0,0.0,0.0,15.54,6.79,8.75
679,603696, 安记食品,8.33,-0.12,0.094,0.545,11.71,-0.154,0.703,-0.542,0.024,1,2.0,4,0.65,0.01,0.64,10.6,3.68,6.91
680,2039, 黔源电力,14.45,-1.23,0.02,0.115,11.7,-0.37,-0.294,-0.764,-0.956,1,1.0,1,4.62,4.59,0.03,21.63,17.63,4.0
682,688255, 凯尔达,45.29,-1.46,0.052,1.002,11.68,-0.563,0.897,-3.886,2.27,2,2.0,3,11.61,10.52,1.1,35.81,36.14,-0.33
684,2132, 恒星科技,2.89,0.7,0.081,0.284,11.66,-0.52,-0.811,0.148,2.747,1,2.0,7,7.97,5.14,2.83,24.56,22.88,1.68
685,603890, 春秋电子,13.74,0.29,-0.337,2.225,11.65,0.53,10.334,-1.911,8.15,0,3.0,4,6.27,16.25,-9.98,25.64,20.13,5.51
686,688201, 信安世纪,10.11,1.0,0.186,0.221,11.65,0.115,1.147,-0.978,-2.376,1,4.0,6,10.73,2.32,8.42,19.89,20.06,-0.17
687,2090, 金智科技,10.08,-0.49,-0.173,1.951,11.64,0.411,5.37,-0.581,-4.134,0,2.0,5,5.0,8.28,-3.28,24.82,24.16,0.66
688,2191, 劲嘉股份,4.12,-0.72,0.005,0.257,11.63,-0.19,0.254,0.135,2.815,1,2.0,5,0.0,0.0,0.0,21.65,20.86,0.78
689,1360, 南矿集团,13.71,1.26,0.107,0.254,11.63,0.046,-0.197,-0.633,-0.573,1,3.0,3,9.43,7.65,1.78,8.52,1.98,6.54
690,779, 甘咨询,9.18,2.0,0.277,0.711,11.62,0.069,-0.706,-0.123,-2.815,1,3.0,5,6.8,4.45,2.35,22.18,18.32,3.87
691,603283, 赛腾股份,66.67,2.82,0.34,0.427,11.62,0.425,0.563,0.023,1.014,3,3.0,5,14.92,9.5,5.42,30.36,29.77,0.58
692,600358, 国旅联合,3.77,1.34,0.348,0.438,11.62,0.738,0.838,-0.594,-11.145,1,3.0,3,4.71,4.07,0.64,27.42,20.26,7.16
693,601121, 宝地矿业,6.09,-0.49,0.022,0.438,11.59,-0.446,1.734,-1.291,2.179,1,1.0,1,0.26,0.86,-0.6,13.44,10.13,3.31
694,601011, 宝泰隆,2.84,0.35,0.104,0.665,11.59,1.496,-1.54,0.861,-4.475,1,3.0,4,7.6,5.94,1.66,24.63,23.3,1.33
695,2379, 宏创控股,9.96,-0.8,0.062,0.169,11.58,0.185,0.708,-1.273,-2.751,3,4.0,4,7.17,7.98,-0.81,32.57,27.34,5.22
697,300724, 捷佳伟创,66.14,0.3,0.102,0.458,11.53,0.02,0.05,-0.561,0.31,2,3.0,4,7.93,8.49,-0.56,30.95,27.28,3.67
699,688448, 磁谷科技,33.1,2.7,0.678,-0.293,11.51,-0.443,-1.934,-0.325,0.944,1,2.0,3,10.52,1.8,8.72,27.27,21.69,5.58
700,2561, 徐家汇,8.39,-0.24,0.07,0.412,11.5,-0.247,0.696,-1.094,-1.619,2,3.0,4,6.95,4.4,2.55,18.77,17.3,1.47
701,301413, 安培龙,100.02,1.96,0.351,0.865,11.47,1.197,5.29,-1.924,-2.792,2,4.0,5,9.8,6.6,3.2,26.7,24.68,2.02
702,726, 鲁0泰Ａ,6.06,-1.94,0.005,0.355,11.47,-0.183,1.013,-0.219,2.261,1,3.0,4,2.06,4.24,-2.17,30.27,27.76,2.51
703,2921, 联诚精密,12.91,1.73,0.361,0.445,11.44,-0.331,-2.682,0.445,-2.479,1,2.0,6,4.53,1.64,2.89,21.72,16.14,5.57
705,601116, 三江购物,11.8,-0.34,0.184,0.57,11.41,-2.663,-5.29,-1.829,-3.856,1,1.0,4,11.37,4.77,6.59,15.45,16.38,-0.92
706,600426, 华鲁恒升,20.02,-1.14,0.012,0.101,11.41,0.031,1.144,-0.063,0.827,2,3.0,4,7.39,11.38,-3.99,27.61,21.48,6.13
707,2030, 达安基因,6.63,1.22,0.184,0.453,11.39,-0.171,-1.397,0.727,-0.651,1,2.0,4,6.79,5.26,1.52,26.88,22.82,4.05
709,3043, 华亚智能,44.55,2.18,0.222,0.532,11.37,0.223,-0.655,0.24,-0.408,1,4.0,5,5.58,0.0,5.58,14.3,12.11,2.19
710,301045, 天禄科技,23.6,2.61,0.302,1.252,11.35,-0.202,-0.346,-1.17,0.536,2,3.0,3,1.22,1.97,-0.75,22.66,16.62,6.04
711,300441, 鲍斯股份,9.59,1.7,0.236,0.273,11.34,-1.509,-2.572,-1.361,-2.249,1,1.0,2,5.99,3.03,2.96,24.16,19.06,5.1
712,600989, 宝丰能源,15.82,0.13,0.025,0.015,11.32,0.094,-0.178,0.158,-0.311,7,5.0,9,11.32,9.41,1.91,30.26,23.86,6.4
713,300947, 德必集团,18.96,2.88,0.451,0.324,11.31,-0.135,-2.13,-1.363,-2.937,1,1.0,2,7.82,3.97,3.85,20.67,15.25,5.43
714,600231, 凌钢股份,1.72,0.0,0.039,0.013,11.31,0.008,0.514,-0.042,0.098,1,2.0,4,11.48,0.32,11.16,24.37,25.62,-1.25
715,601117, 中国化学,7.2,-0.96,0.002,0.108,11.27,0.077,0.362,-0.085,0.571,2,3.0,4,20.1,18.81,1.29,21.59,22.51,-0.92
716,688498, 源杰科技,151.01,2.31,0.346,0.602,11.26,0.27,0.366,0.48,0.611,2,2.0,5,17.16,12.13,5.03,28.04,28.11,-0.06
717,1328, 登康口腔,32.09,0.6,0.167,0.5,11.26,-0.68,-1.762,-1.414,-2.56,2,2.0,3,0.54,0.0,0.54,14.03,6.36,7.67
718,2992, 宝明科技,65.51,1.28,0.159,0.034,11.25,0.285,-0.262,0.444,0.591,2,3.0,6,4.16,2.62,1.55,34.66,25.85,8.8
719,688184, 帕瓦股份,14.34,0.49,0.051,0.192,11.24,-0.061,-0.509,0.12,0.062,2,3.0,5,0.0,0.0,0.0,22.17,16.37,5.79
720,601012, 隆基绿能,16.58,1.34,0.046,0.156,11.23,0.251,0.31,0.282,0.463,2,3.0,5,17.14,14.55,2.59,25.6,24.85,0.74
722,605005, 合兴股份,16.4,0.61,0.023,0.091,11.2,-0.078,-0.37,-0.125,-0.291,2,2.0,3,0.33,0.0,0.33,14.52,7.59,6.93
724,603167, 渤海轮渡,8.08,-1.1,0.007,0.319,11.18,-0.277,0.566,-0.366,1.347,2,3.0,6,7.93,9.05,-1.12,12.64,10.71,1.94
725,2332, 仙琚制药,9.71,-1.02,-0.004,0.269,11.16,-0.248,-0.112,-0.79,1.209,0,1.0,2,4.58,10.09,-5.51,26.59,21.41,5.17
726,300542, 新晨科技,22.05,1.33,0.162,1.049,11.16,-0.355,-1.494,-1.52,-1.5,2,2.0,4,4.62,3.93,0.69,24.51,22.06,2.45
727,301548, 崇德科技,49.3,-0.22,0.615,1.183,11.09,3.518,6.087,4.133,11.804,2,4.0,7,6.01,4.48,1.54,34.83,31.37,3.46
728,300285, 国瓷材料,19.24,-0.72,0.067,0.402,11.08,0.85,0.142,1.154,0.667,4,4.0,7,5.42,2.77,2.65,21.38,20.45,0.93
730,2820, 桂发祥,11.83,0.0,0.227,1.812,11.05,-0.308,0.512,-1.542,-2.425,1,2.0,3,4.3,0.0,4.3,11.55,11.13,0.43
731,603931, 格林达,24.03,0.29,0.09,0.143,11.04,0.098,-0.553,0.054,-0.576,2,3.0,6,6.36,1.72,4.64,16.61,13.22,3.39
732,600489, 中金黄金,12.54,-1.1,-0.001,0.128,10.99,0.143,0.417,-0.162,-0.683,0,3.0,3,14.11,15.01,-0.9,29.58,28.73,0.85
734,603069, 海汽集团,18.17,-1.36,0.001,0.326,10.98,0.034,0.382,-0.248,0.429,2,2.0,3,9.44,2.65,6.79,13.58,20.23,-6.65
736,2384, 东山精密,35.06,2.19,-0.09,0.685,10.95,-0.005,1.732,-0.935,1.018,0,2.0,3,20.83,24.75,-3.92,29.68,27.24,2.44
737,603351, 威尔药业,25.26,1.12,0.053,0.004,10.94,-0.025,-0.402,0.161,-0.207,1,1.0,6,7.89,0.0,7.89,11.77,8.91,2.86
738,600109, 国金证券,8.68,-0.91,-0.02,0.179,10.92,-0.209,0.8,-0.557,0.848,0,1.0,2,5.1,5.38,-0.28,23.33,26.46,-3.13
739,301528, 多浦乐,42.18,1.27,0.164,0.315,10.9,-0.053,0.127,-0.677,-0.478,1,3.0,3,0.0,0.0,0.0,21.63,13.99,7.64
740,975, 山金国际,16.63,-1.6,0.018,0.133,10.9,-0.017,0.239,-0.234,-0.477,1,2.0,4,6.97,6.03,0.94,23.94,22.22,1.72
741,600886, 国投电力,14.12,-0.84,0.004,0.077,10.88,0.121,0.154,0.137,0.017,1,3.0,6,6.3,10.41,-4.11,23.33,18.0,5.33
742,300772, 运达股份,12.8,2.15,0.16,0.17,10.87,0.161,-0.654,-0.145,-1.871,2,3.0,3,3.32,4.99,-1.67,23.37,13.4,9.97
743,603011, 合锻智能,8.03,0.5,0.211,0.76,10.83,-1.122,3.839,-0.908,5.123,2,3.0,6,7.95,6.36,1.59,23.02,20.26,2.76
744,600814, 杭州解百,8.65,1.29,0.243,0.641,10.83,0.631,1.686,0.681,-0.412,1,3.0,5,5.56,2.71,2.85,21.39,18.41,2.99
745,603682, 锦和商管,5.93,0.17,0.409,-0.01,10.82,-0.075,-3.586,-0.578,-8.314,1,3.0,6,18.34,4.34,14.0,14.26,17.24,-2.98
746,300243, 瑞丰高材,10.16,1.7,0.081,0.912,10.8,-0.872,-1.66,-0.902,-0.158,1,2.0,3,4.14,3.8,0.34,24.82,23.14,1.68
747,603726, 朗迪集团,16.49,0.67,0.063,0.35,10.75,-0.154,-0.483,0.082,-0.205,1,1.0,4,8.21,8.16,0.06,13.46,9.04,4.43
748,603999, 读者传媒,6.47,0.15,0.067,0.731,10.74,1.124,6.449,0.577,5.409,5,5.0,6,3.24,3.34,-0.09,19.11,16.37,2.73
750,300350, 华鹏飞,5.54,-0.54,0.092,0.654,10.68,-0.182,2.17,-0.541,0.179,2,2.0,4,0.0,0.0,0.0,22.2,18.53,3.68
751,300753, 爱朋医疗,21.67,0.65,0.55,1.449,10.67,0.356,-1.348,-1.802,-12.228,2,3.0,5,6.96,1.96,5.0,26.22,26.02,0.19
752,600587, 新华医疗,16.54,-0.84,0.022,0.228,10.61,0.828,2.582,0.826,4.044,5,5.0,8,9.66,8.86,0.8,23.75,22.8,0.95
753,2597, 金禾实业,24.35,0.62,0.097,0.052,10.59,-0.049,-1.854,0.322,-1.246,1,2.0,6,12.38,7.89,4.49,26.36,22.62,3.74
754,688269, 凯立新材,27.08,1.65,0.125,0.305,10.59,0.169,0.1,0.13,0.525,1,2.0,4,1.76,0.37,1.39,21.93,16.9,5.04
755,603219, 富佳股份,17.49,1.22,0.229,0.305,10.54,0.403,1.664,-0.475,1.052,2,3.0,4,10.43,2.7,7.73,22.15,23.01,-0.86
757,600488, 津药药业,4.23,-1.17,0.024,0.081,10.54,0.006,0.112,0.05,0.522,2,2.0,4,0.54,0.13,0.42,15.69,9.12,6.57
758,603898, 好莱客,9.62,1.48,0.065,0.321,10.52,0.017,0.879,-0.011,0.868,1,2.0,4,0.07,0.0,0.07,13.33,6.82,6.51
761,300635, 中达安,10.25,-0.29,0.141,0.523,10.5,-0.408,0.296,-0.682,-1.033,1,3.0,5,6.65,6.22,0.43,18.45,14.01,4.44
762,600258, 首旅酒店,12.85,-0.77,-0.003,0.242,10.48,-0.167,0.529,-0.333,2.633,0,2.0,4,7.53,6.52,1.01,22.53,23.83,-1.31
763,600801, 华新水泥,11.74,-0.76,0.022,0.041,10.46,-0.06,0.198,-0.233,0.358,1,2.0,2,2.93,4.73,-1.8,23.37,14.87,8.5
764,300684, 中石科技,29.34,0.86,0.28,1.833,10.46,-0.706,-0.853,0.886,10.964,1,2.0,4,7.17,5.32,1.85,26.44,25.72,0.72
765,300112, 万讯自控,10.12,2.22,0.325,1.212,10.45,0.297,-0.377,0.42,2.405,2,3.0,6,2.81,2.15,0.66,24.52,20.51,4.01
766,600420, 国药现代,11.19,-1.24,0.042,0.063,10.42,0.281,0.5,0.45,1.591,8,5.0,9,11.06,6.21,4.85,20.02,18.32,1.7
767,301129, 瑞纳智能,25.1,1.5,0.537,0.465,10.41,1.033,5.599,-0.225,3.52,4,4.0,5,0.42,0.0,0.42,23.33,15.05,8.28
768,2437, 誉衡药业,2.46,-0.81,0.098,0.172,10.4,-0.558,-0.917,-1.13,-2.623,1,1.0,2,9.81,5.06,4.75,22.9,21.74,1.16
769,600714, 金瑞矿业,9.93,-0.7,0.135,0.281,10.39,-0.526,-1.534,-1.286,-3.036,2,2.0,4,3.4,5.18,-1.78,30.32,23.24,7.08
770,301176, 逸豪新材,18.4,1.38,0.414,0.802,10.39,-0.208,-1.568,-1.086,0.849,1,2.0,2,3.63,0.0,3.63,15.91,11.92,3.99
771,2470, 金正大,2.02,-1.94,0.127,0.388,10.37,0.708,2.8,-0.041,0.685,1,4.0,4,7.27,9.19,-1.92,29.14,23.34,5.8
772,600717, 天津港,4.54,-1.09,-0.009,0.15,10.35,0.036,0.777,0.216,1.289,0,2.0,6,3.22,3.68,-0.46,20.82,22.49,-1.67
775,603536, 惠发食品,10.34,-0.67,0.124,0.862,10.29,-0.155,-0.705,-3.042,-11.441,1,3.0,3,4.09,0.59,3.49,11.39,10.03,1.36
776,1319, 铭科精技,29.21,2.46,0.814,2.882,10.29,-0.415,-0.664,-6.541,-13.224,1,3.0,3,3.55,2.86,0.69,27.57,24.09,3.48
777,688215, 瑞晟智能,27.4,1.59,0.049,0.354,10.25,0.395,0.753,0.195,-0.462,3,4.0,6,5.74,0.0,5.74,16.16,18.32,-2.16
778,603995, 甬金股份,18.83,-1.57,0.038,0.212,10.25,0.171,0.9,0.32,1.529,1,2.0,6,0.89,0.61,0.28,13.44,7.92,5.52
779,300568, 星源材质,11.65,1.3,0.172,0.511,10.24,1.304,1.314,1.32,2.485,4,4.0,7,13.05,8.21,4.85,26.75,27.92,-1.16
780,605179, 一鸣食品,19.4,0.05,0.128,0.492,10.24,-0.156,-2.708,-0.882,-2.8,2,3.0,5,4.37,2.12,2.25,16.42,13.2,3.23
781,688, 国城矿业,12.04,-0.58,-0.001,0.101,10.23,-0.242,-0.15,-0.382,-0.051,0,1.0,2,0.0,5.06,-5.06,27.87,23.09,4.77
782,600838, 上海九百,8.51,0.35,0.117,0.278,10.2,0.25,0.898,-0.811,-2.315,2,3.0,4,14.56,17.48,-2.93,26.57,19.62,6.95
783,301469, 恒达新材,24.48,-0.53,0.057,0.473,10.19,0.3,0.692,0.151,-0.246,2,4.0,6,0.0,0.0,0.0,13.84,9.23,4.61
784,2562, 兄弟科技,4.31,0.0,0.173,0.014,10.18,-0.634,-2.73,-2.145,-4.868,1,1.0,1,7.8,0.1,7.71,23.06,20.81,2.25
785,600547, 山东黄金,24.32,-1.18,0.004,0.097,10.18,-0.057,-0.013,-0.326,-0.378,2,3.0,3,10.18,18.53,-8.35,30.73,21.73,9.0
786,688106, 金宏气体,18.36,0.33,0.023,0.162,10.15,0.086,-0.025,0.02,-0.538,1,3.0,6,5.11,1.92,3.2,20.57,20.7,-0.13
789,2574, 明牌珠宝,4.75,-0.42,0.08,0.051,10.15,0.118,-1.346,0.268,0.39,3,3.0,6,6.09,0.0,6.09,18.16,15.6,2.55
790,688388, 嘉元科技,19.17,0.63,0.117,0.286,10.12,0.531,0.455,0.606,1.782,2,3.0,5,13.7,12.78,0.92,27.68,24.69,3.0
792,688719, 爱科赛博,35.26,2.41,0.433,0.416,10.12,0.933,-1.182,1.091,-0.925,1,2.0,4,6.04,7.04,-1.0,32.42,24.74,7.68
794,300849, 锦盛新材,13.85,-1.28,-0.055,0.529,10.12,-0.008,-0.14,0.461,2.043,0,3.0,6,10.74,4.57,6.17,17.37,26.63,-9.26
795,3020, 立方制药,17.76,-1.5,0.04,0.322,10.11,-0.071,-0.218,-0.201,0.202,2,2.0,4,0.0,4.4,-4.4,21.34,13.63,7.71
797,600661, 昂立教育,11.19,-0.89,0.083,0.333,10.06,-0.827,-4.076,-0.723,-7.509,1,2.0,4,6.61,4.36,2.25,21.51,19.57,1.94
798,601218, 吉鑫科技,3.17,0.63,0.125,-0.061,10.04,0.299,-0.053,0.232,0.065,3,4.0,6,11.44,6.27,5.18,26.63,18.8,7.83
799,600020, 中原高速,3.95,-1.25,0.003,0.078,10.02,0.097,0.648,-0.066,0.86,1,3.0,3,0.38,0.13,0.26,23.79,23.03,0.75
